unitid,OPEID,institution_name,addr1_txt,addr2_txt,city_txt,state_cd,zip_text,ClassificationCode,classification_name,ClassificationOther,EFMaleCount,EFFemaleCount,EFTotalCount,sector_cd,sector_name,STUDENTAID_MEN,STUDENTAID_WOMEN,STUDENTAID_COED,STUDENTAID_TOTAL,STUAID_MEN_RATIO,STUAID_WOMEN_RATIO,STUAID_COED_RATIO,RECRUITEXP_MEN,RECRUITEXP_WOMEN,RECRUITEXP_COED,RECRUITEXP_TOTAL,HDCOACH_SALARY_MEN,HDCOACH_SALARY_WOMEN,HDCOACH_SALARY_COED,NUM_HDCOACH_MEN,NUM_HDCOACH_WOMEN,NUM_HDCOACH_COED,HDCOACH_SAL_FTE_MEN,HDCOACH_SAL_FTE_WOMN,HDCOACH_SAL_FTE_COED,FTE_HDCOACH_MEN,FTE_HDCOACH_WOMEN,FTE_HDCOACH_COED,ASCOACH_SALARY_MEN,ASCOACH_SALARY_WOMEN,ASCOACH_SALARY_COED,NUM_ASCOACH_MEN,NUM_ASCOACH_WOMEN,NUM_ASCOACH_COED,ASCOACH_SAL_FTE_MEN,ASCOACH_SAL_FTE_WOMN,ASCOACH_SAL_FTE_COED,FTE_ASCOACH_MEN,FTE_ASCOACH_WOMEN,FTE_ASCOACH_COED,IL_PARTIC_MEN,IL_PARTIC_WOMEN,IL_PARTIC_COED_MEN,IL_PARTIC_COED_WOMEN,IL_SUM_PARTIC_MEN,IL_SUM_PARTIC_WOMEN,IL_OPEXPPERPART_MEN,IL_OPEXPPERTEAM_MEN,IL_OPEXPPERPART_WOMEN,IL_OPEXPPERTEAM_WOMEN,IL_TOTAL_OPEXP_MENWOMEN,IL_OPEXPPERPART_COED_MEN,IL_OPEXPPERTEAM_COED_MEN,IL_OPEXP_PART_COED_WOMEN,IL_OPEXP_TEAM_COED_WOMEN,IL_TOTAL_OPEXP_COEDTEAM,IL_SUM_OPEXPPERPART_MEN,IL_SUM_OPEXPPERTEAM_MEN,IL_SUM_OPEXPPERPART_WOMEN,IL_SUM_OPEXPPERTEAM_WOMEN,IL_TOTAL_OPEXP_INCLCOED,IL_MEN_FTHEADCOACH_MALE,IL_MEN_PTHEADCOACH_MALE,IL_MEN_FTUNIVEMPLOY_MALE,IL_MEN_PTUNIVEMPLOY_MALE,IL_MEN_FTHEADCOACH_FEM,IL_MEN_PTHEADCOACH_FEM,IL_MEN_FTUNIVEMPLOY_FEM,IL_MEN_PTUNIVEMPLOY_FEM,IL_MEN_TOTAL_HEADCOACH,IL_WOMEN_FTHDCOACH_MALE,IL_WOMEN_PTHDCOACH_MALE,IL_WOMEN_FTUNIVEMP_MALE,IL_WOMEN_PTUNIVEMP_MALE,IL_WOMEN_FTHDCOACH_FEM,IL_WOMEN_PTHDCOACH_FEM,IL_WOMEN_FTUNIVEMP_FEM,IL_WOMEN_PTUNIVEMP_FEM,IL_WOMEN_TOTAL_HDCOACH,IL_COED_FTHDCOACH_MALE,IL_COED_PTHDCOACH_MALE,IL_COED_FTUNIVEMP_MALE,IL_COED_PTUNIVEMP_MALE,IL_COED_FTHDCOACH_FEM,IL_COED_PTHDCOACH_FEM,IL_COED_FTUNIVEMP_FEM,IL_COED_PTUNIVEMP_FEM,IL_COED_TOTAL_HDCOACH,IL_SUM_FTHDCOACH_MALE,IL_SUM_PTHDCOACH_MALE,IL_SUM_FTUNIVEMP_MALE,IL_SUM_PTUNIVEMP_MALE,IL_SUM_FTHDCOACH_FEM,IL_SUM_PTHDCOACH_FEM,IL_SUM_FTUNIVEMP_FEM,IL_SUM_PTUNIVEMP_FEM,IL_SUM_TOTAL_HDCOACH,IL_MEN_FTASCOACH_MALE,IL_MEN_PTASCOACH_MALE,IL_MEN_FTACUNIVEMP_MALE,IL_MEN_PTACUNIVEMP_MALE,IL_MEN_FTASSTCOACH_FEM,IL_MEN_PTASSTCOACH_FEM,IL_MEN_FTACUNIVEMP_FEM,IL_MEN_PTACUNIVEMP_FEM,IL_MEN_TOTAL_ASSTCOACH,IL_WOMEN_FTASCOACH_MALE,IL_WOMEN_PTASCOACH_MALE,IL_WOMEN_FTACUNEMP_MALE,IL_WOMEN_PTACUNEMP_MALE,IL_WOMEN_FTASTCOACH_FEM,IL_WOMEN_PTASTCOACH_FEM,IL_WOMN_FTACUNIVEMP_FEM,IL_WOMN_PTACUNIVEMP_FEM,IL_WOMEN_TOTAL_ASTCOACH,IL_COED_FTASCOACH_MALE,IL_COED_PTASCOACH_MALE,IL_COED_FTACUNEMP_MALE,IL_COED_PTACUNEMP_MALE,IL_COED_FTASTCOACH_FEM,IL_COED_PTASTCOACH_FEM,IL_COED_FTACUNIVEMP_FEM,IL_COED_PTACUNIVEMP_FEM,IL_COED_TOTAL_ASTCOACH,IL_SUM_FTASCOACH_MALE,IL_SUM_PTASCOACH_MALE,IL_SUM_FTACUNIVEMP_MALE,IL_SUM_PTACUNIVEMP_MALE,IL_SUM_FTASCOACH_FEM,IL_SUM_PTASCOACH_FEM,IL_SUM_FTACUNIVEMP_FEM,IL_SUM_PTACUNIVEMP_FEM,IL_SUM_TOTAL_ASSTCOACH,IL_REV_MEN,IL_REV_WOMEN,IL_TOTAL_REV_MENWOMEN,IL_REV_COED_MEN,IL_REV_COED_WOMEN,IL_TOTAL_REV_COED,IL_REVENUE_MENALL,IL_REVENUE_WOMENALL,IL_TOTAL_REVENUE_ALL,IL_EXP_MEN,IL_EXP_WOMEN,IL_TOTAL_EXP_MENWOMEN,IL_EXP_COED_MEN,IL_EXP_COED_WOMEN,IL_TOTAL_EXP_COED,IL_EXPENSE_MENALL,IL_EXPENSE_WOMENALL,IL_TOTAL_EXPENSE_ALL,UNDUP_CT_PARTIC_MEN,UNDUP_CT_PARTIC_WOMEN,TOT_REVENUE_ALL_NOTALLOC,TOT_EXPENSE_ALL_NOTALLOC,GRND_TOTAL_REVENUE,GRND_TOTAL_EXPENSE
104717,00107400,Grand Canyon University,3300 W Camelback Rd,,Phoenix,AZ,85017,3,NCAA Division I without football,,8681,13609,22290,3,"Private for-profit, 4-year or above",2570060,3592219,,6162279,42,58,0,293617,299377,,592994,279302,114387,,8,9,,343756,137264,,6.5,7.5,,73283,42785,,22,23,,107482,59640,,15,16.5,,304,297,,,304,297,152368,3643833,136563,2908901,6552734,,,,,,152368,3643833,136563,2908901,6552734,5,3,8,0,0,0,0,0,8,3,3,6,0,3,0,3,0,9,,,,,,,,,,8,6,14,0,3,0,3,0,17,9,14,17,6,0,7,2,5,30,5,11,13,3,6,7,8,5,29,,,,,,,,,,14,25,30,9,6,14,10,10,59,6238553,6889201,13127754,,,,6238553,6889201,13127754,6238553,6889201,13127754,,,,6238553,6889201,13127754,231,224,6769623,6769623,29071558,29071558
106245,00110100,University of Arkansas at Little Rock,2801 S University Ave,,Little Rock,AR,72204,3,NCAA Division I without football,,1175,1770,2945,1,"Public, 4-year or above",1836850,2456910,,4293760,43,57,0,121145,75783,,196928,183662,113997,,5,6,,204069,124360,,4.5,5.5,,64894,39993,,11,13,,89229,59418,,8,8.75,,169,192,,,169,192,38643,782649,39552,688183,1470832,,,,,,38643,782649,39552,688183,1470832,4,1,5,0,0,0,0,0,5,2,1,3,0,3,0,3,0,6,,,,,,,,,,6,2,8,0,3,0,3,0,11,6,5,8,3,0,0,0,0,11,3,4,5,2,3,3,3,3,13,,,,,,,,,,9,9,13,5,3,3,3,3,24,3218924,3291908,6510832,,,,3218924,3291908,6510832,3218924,3291908,6510832,,,,3218924,3291908,6510832,132,140,3651798,3651798,13951805,13951805
110361,00112500,California Baptist University,8432 Magnolia Ave,,Riverside,CA,925043297,3,NCAA Division I without football,,2704,4606,7310,2,"Private nonprofit, 4-year or above",4587900,5528660,,10116560,45,55,0,124441,132113,,256554,177111,161400,,9,10,,227714,179333,,7,9,,60972,41886,,22,25,,85167,62516,,15.75,16.75,,212,234,,,212,234,74051,1654170,71851,1450864,3105034,,,,,,74051,1654170,71851,1450864,3105034,6,3,9,0,0,0,0,0,9,6,3,9,0,1,0,1,0,10,,,,,,,,,,12,6,18,0,1,0,1,0,19,12,10,15,7,0,3,3,0,25,4,8,7,5,10,6,13,3,28,,,,,,,,,,16,18,22,12,10,9,16,3,53,7883027,8473741,16356768,,,,7883027,8473741,16356768,7356592,8195830,15552422,,,,7356592,8195830,15552422,197,214,11607934,9266136,34196556,30647868
110486,00799300,California State University-Bakersfield,9001 Stockdale Hwy,,Bakersfield,CA,933111099,3,NCAA Division I without football,,2505,4882,7387,1,"Public, 4-year or above",1535637,2112966,,3648603,42,58,0,148034,120872,,268906,127367,75935,,6,8,,160885,83790,,4.75,7.25,,48879,46479,,12,12,,65172,61972,,9,9,,160,219,,,160,219,47999,1105951,55287,1072942,2178893,,,,,,47999,1105951,55287,1072942,2178893,4,1,5,0,0,1,1,0,6,3,1,4,0,3,1,4,0,8,,,,,,,,,,7,2,9,0,3,2,5,0,14,7,7,9,5,0,3,0,3,17,3,5,5,3,4,5,4,5,17,,,,,,,,,,10,12,14,8,4,8,4,8,34,3541893,4193633,7735526,,,,3541893,4193633,7735526,3149665,4014876,7164541,,,,3149665,4014876,7164541,160,158,5008781,5439764,16558584,16374340
110565,00113700,California State University-Fullerton,800 N State College Blvd,,Fullerton,CA,928313599,3,NCAA Division I without football,,11304,16544,27848,1,"Public, 4-year or above",1451723,2425516,,3877239,37,63,0,117652,71879,,189531,190083,111991,,5,7,,211203,120606,,4.5,6.5,,62850,47622,,13,16,,73410,55903,,11.13,13.63,,206,267,,,206,267,67862,1379988,55022,1177531,2557519,,,,,,67862,1379988,55022,1177531,2557519,4,1,5,0,0,0,0,0,5,2,1,3,0,4,0,4,0,7,,,,,,,,,,6,2,8,0,4,0,4,0,12,10,4,10,4,0,1,0,1,15,7,1,7,1,5,6,5,6,19,,,,,,,,,,17,5,17,5,5,7,5,7,34,3817543,4924171,8741714,,,,3817543,4924171,8741714,3817543,4924171,8741714,,,,3817543,4924171,8741714,179,218,9022965,9022965,21213944,21213944
110583,00113900,California State University-Long Beach,1250 Bellflower Blvd,,Long Beach,CA,908400115,3,NCAA Division I without football,,11689,16586,28275,1,"Public, 4-year or above",1285299,1942276,,3227575,40,60,0,138163,109657,,247820,213270,125781,,7,10,,248815,139757,,6,9,,77142,49429,,12,16,,101170,65092,,9.15,12.15,,216,267,,,216,267,76526,2137611,83074,1777496,3915107,,,,,,76526,2137611,83074,1777496,3915107,5,1,6,0,0,1,1,0,7,4,1,5,0,4,1,5,0,10,,,,,,,,,,9,2,11,0,4,2,6,0,17,7,13,8,12,0,1,0,1,21,4,10,5,9,5,9,5,9,28,,,,,,,,,,11,23,13,21,5,10,5,10,49,5072204,5595368,10667572,,,,5072204,5595368,10667572,5072204,5595368,10667572,,,,5072204,5595368,10667572,180,221,8612547,8612547,23772461,23772461
110608,00115300,California State University-Northridge,18111 Nordhoff St,,Northridge,CA,91330,3,NCAA Division I without football,,12320,15892,28212,1,"Public, 4-year or above",1518305,2049683,,3567988,43,57,0,84143,54642,,138785,257953,116340,,6,9,,281403,132539,,5.5,7.9,,86824,45523,,12,16,,114493,61726,,9.1,11.8,,217,238,,,217,238,64513,1423651,63137,1299459,2723110,,,,,,64513,1423651,63137,1299459,2723110,5,1,6,0,0,0,0,0,6,2,1,3,0,5,1,5,1,9,,,,,,,,,,7,2,9,0,5,1,5,1,15,7,9,8,8,0,1,1,0,17,5,7,5,7,5,5,5,5,22,,,,,,,,,,12,16,13,15,5,6,6,5,39,3654667,4184252,7838919,,,,3654667,4184252,7838919,3920793,4535288,8456081,,,,3920793,4535288,8456081,174,184,7720634,6235406,20834922,19349694
110653,00131400,University of California-Irvine,501 Aldrich Hall,,Irvine,CA,92697,3,NCAA Division I without football,,12960,15782,28742,1,"Public, 4-year or above",2488941,2329200,,4818141,52,48,0,117798,77977,,195775,166925,85560,,9,9,,203017,116673,,7.4,6.6,,64978,47504,,16,16,,79973,69097,,13,11,,186,243,,,186,243,90761,1661124,62803,1253096,2914220,,,,,,90761,1661124,62803,1253096,2914220,7,2,9,0,0,0,0,0,9,2,3,5,0,4,0,4,0,9,,,,,,,,,,9,5,14,0,4,0,4,0,18,8,12,11,9,1,3,2,2,24,4,10,9,5,5,10,7,8,29,,,,,,,,,,12,22,20,14,6,13,9,10,53,5138585,4169446,9308031,,,,5138585,4169446,9308031,5138585,4169446,9308031,,,,5138585,4169446,9308031,174,185,8272605,8272605,23191075,23191075
110671,00131600,University of California-Riverside,900 University Ave,,Riverside,CA,92521,3,NCAA Division I without football,,10315,11754,22069,1,"Public, 4-year or above",1749252,2330951,,4080203,43,57,0,54581,47001,,101582,97200,110043,,6,7,,112805,124846,,5.17,6.17,,45726,40028,,10,12,,57229,48082,,7.99,9.99,,168,198,,,168,198,41327,838354,50813,775897,1614251,,,,,,41327,838354,50813,775897,1614251,5,1,6,0,0,0,0,0,6,2,1,3,0,4,0,4,0,7,,,,,,,,,,7,2,9,0,4,0,4,0,13,6,4,9,1,0,0,0,0,10,4,3,7,0,3,2,3,2,12,,,,,,,,,,10,7,16,1,3,2,3,2,22,2718001,3477637,6195638,,,,2718001,3477637,6195638,2569638,3510929,6080567,,,,2569638,3510929,6080567,137,134,4522368,3787844,14348006,13444939
110705,00132000,University of California-Santa Barbara,5221 Cheadle Hall,,Santa Barbara,CA,93106,3,NCAA Division I without football,,9789,12669,22458,1,"Public, 4-year or above",2949737,2914416,,5864153,50,50,0,222666,176213,,398879,141067,79083,,10,10,,176333,112976,,8,7,,58804,36771,,17,17,,75447,51919,,13.25,12.04,,293,268,,,293,268,61342,1584067,64781,1228826,2812893,,,,,,61342,1584067,64781,1228826,2812893,7,1,8,0,0,2,2,0,10,2,2,4,0,4,2,6,0,10,,,,,,,,,,9,3,12,0,4,4,8,0,20,10,11,12,9,0,2,2,0,23,2,12,5,9,5,4,7,2,23,,,,,,,,,,12,23,17,18,5,6,9,2,46,6204106,4769650,10973756,,,,6204106,4769650,10973756,6204106,4769650,10973756,,,,6204106,4769650,10973756,269,199,6690562,6690562,22833954,22833954
117946,01164900,Loyola Marymount University,One Lmu Drive,,Los Angeles,CA,900452659,3,NCAA Division I without football,,3174,3685,6859,2,"Private nonprofit, 4-year or above",4453326,6684751,,11138077,40,60,0,326748,219710,,546458,153824,100912,,9,11,,173052,111003,,8,10,,112737,63768,,10,15,,121878,70592,,9.25,13.55,,217,254,,,217,254,139538,2736803,88296,1697573,4434376,,,,,,139538,2736803,88296,1697573,4434376,6,2,8,0,1,0,1,0,9,5,0,5,0,4,2,6,0,11,,,,,,,,,,11,2,13,0,5,2,7,0,20,8,7,9,6,0,0,0,0,15,6,5,7,4,7,6,7,6,24,,,,,,,,,,14,12,16,10,7,6,7,6,39,5960444,9281091,15241535,,,,5960444,9281091,15241535,5960444,9281091,15241535,,,,5960444,9281091,15241535,199,236,6481103,6481103,30788019,30788019
120883,00132900,University of the Pacific,3601 Pacific Ave,,Stockton,CA,952110110,3,NCAA Division I without football,,1493,1659,3152,2,"Private nonprofit, 4-year or above",2926237,3913343,,6839580,43,57,0,174694,210517,,385211,156799,77022,,7,10,,183544,105365,,5.98,7.31,,76246,45145,,12,14,,94325,60136,,9.7,10.51,,149,193,,,149,193,79767,1281217,63649,1099642,2380859,,,,,,79767,1281217,63649,1099642,2380859,5,1,6,0,0,1,1,0,7,3,5,6,2,1,1,2,0,10,,,,,,,,,,8,6,12,2,1,2,3,0,17,9,6,11,4,0,1,1,0,16,3,4,4,3,6,3,9,0,16,,,,,,,,,,12,10,15,7,6,4,10,0,32,4797148,5789820,10586968,,,,4797148,5789820,10586968,4797148,5789820,10586968,,,,4797148,5789820,10586968,148,163,5627953,5627953,21745901,21745901
121150,01014900,Pepperdine University,24255 Pacific Coast Hwy,,Malibu,CA,90263,3,NCAA Division I without football,,1443,1984,3427,2,"Private nonprofit, 4-year or above",3517566,4645941,,8163507,43,57,0,305836,264317,,570153,199661,121005,,8,8,,212972,129072,,7.5,7.5,,76886,42107,,14,14,,84424,46235,,12.75,12.75,,156,185,,,156,185,143083,1992531,102620,1610721,3603252,,,,,,143083,1992531,102620,1610721,3603252,6,0,6,0,0,2,2,0,8,4,0,4,0,3,1,4,0,8,,,,,,,,,,10,0,10,0,3,3,6,0,16,11,8,13,6,0,0,0,0,19,5,5,6,4,6,2,6,2,18,,,,,,,,,,16,13,19,10,6,2,6,2,37,6549975,7310233,13860208,,,,6549975,7310233,13860208,6549975,7310233,13860208,,,,6549975,7310233,13860208,144,151,5033617,5033617,25324866,25324866
122612,00132500,University of San Francisco,2130 Fulton St,,San Francisco,CA,941171080,3,NCAA Division I without football,,1999,3729,5728,2,"Private nonprofit, 4-year or above",3223733,5077937,,8301670,39,61,0,183164,142123,,325287,166634,135231,,6,8,,190439,160274,,5.25,6.75,,107555,43427,,9,13,,131343,66496,,7.37,8.49,,106,174,,,106,174,118056,1839427,75060,1219740,3059167,,,,,,118056,1839427,75060,1219740,3059167,5,1,6,0,0,0,0,0,6,2,3,5,0,3,0,3,0,8,,,,,,,,,,7,4,11,0,3,0,3,0,14,7,5,9,3,0,0,0,0,12,5,6,9,2,2,4,4,2,17,,,,,,,,,,12,11,18,5,2,4,4,2,29,4664214,6354418,11018632,,,,4664214,6354418,11018632,4664214,6354418,11018632,,,,4664214,6354418,11018632,106,116,4697977,4697977,23837630,23837630
122931,00132600,Santa Clara University,500 El Camino Real,,Santa Clara,CA,95053,3,NCAA Division I without football,,3030,2743,5773,2,"Private nonprofit, 4-year or above",4071565,4293420,,8364985,49,51,0,261411,199594,,461005,182669,129283,,9,11,,219203,158013,,7.5,9,,49669,29526,,11,12,,63530,40354,,8.6,8.78,,248,247,,,248,247,86212,1624783,64897,1230960,2855743,,,,,,86212,1624783,64897,1230960,2855743,6,3,9,0,0,0,0,0,9,4,2,6,0,3,2,5,0,11,,,,,,,,,,10,5,15,0,3,2,5,0,20,7,6,9,4,0,5,1,4,18,3,4,7,0,2,12,3,11,21,,,,,,,,,,10,10,16,4,2,17,4,15,39,6146232,6485036,12631268,,,,6146232,6485036,12631268,6146232,6485036,12631268,,,,6146232,6485036,12631268,202,195,11013058,11013058,31337344,31337344
123554,00130200,Saint Mary's College of California,1928 Saint Marys Road,PO BOX 5100,Moraga,CA,94575,3,NCAA Division I without football,,831,1153,1984,2,"Private nonprofit, 4-year or above",2969026,3847724,,6816750,44,56,0,242840,156060,,398900,252631,88001,,7,8,,321531,108310,,5.5,6.5,,88635,48809,,11,14,,115520,62347,,8.44,10.96,,161,228,,,161,228,123975,2182205,65114,1352605,3534810,,,,,,123975,2182205,65114,1352605,3534810,5,2,7,0,0,0,0,0,7,3,3,6,0,3,0,3,0,9,,,,,,,,,,8,5,13,0,3,0,3,0,16,7,8,9,6,0,0,0,0,15,1,6,3,4,9,3,9,3,19,,,,,,,,,,8,14,12,10,9,3,9,3,34,4535208,5473412,10008620,,,,4535208,5473412,10008620,4535208,5473412,10008620,,,,4535208,5473412,10008620,136,185,3821882,3821882,20778672,20778672
127060,00137100,University of Denver,2199 S. University Blvd,,Denver,CO,80208,3,NCAA Division I without football,,2428,3003,5431,2,"Private nonprofit, 4-year or above",5749878,7066635,,12816513,45,55,0,241313,231057,,472370,219644,118805,,8,10,,257647,135468,,6.82,8.77,,68176,49836,,18,20,,92407,67712,,13.28,14.72,,184,187,,,184,187,150795,3214439,132270,2250553,5464992,,,,,,150795,3214439,132270,2250553,5464992,6,1,7,0,0,1,1,0,8,3,1,4,0,5,1,6,0,10,,,,,,,,,,9,2,11,0,5,2,7,0,18,11,10,14,7,0,4,2,2,25,5,8,8,5,8,9,10,7,30,,,,,,,,,,16,18,22,12,8,13,12,9,55,11535408,10677775,22213183,,,,11535408,10677775,22213183,11535408,10677775,22213183,,,,11535408,10677775,22213183,184,186,15260220,15260220,42054658,42054658
129242,00138500,Fairfield University,1073 N Benson Rd,,Fairfield,CT,068245195,3,NCAA Division I without football,,1872,2613,4485,2,"Private nonprofit, 4-year or above",3443763,4785569,,8229332,42,58,0,111164,116668,,227832,109696,86208,,9,11,,157962,114944,,6.25,8.25,,45753,34143,,14,18,,64054,53441,,10,11.5,,226,280,,,226,280,87547,1542747,81700,1558830,3101577,,,,,,87547,1542747,81700,1558830,3101577,4,5,8,1,0,0,0,0,9,3,5,7,1,3,0,3,0,11,,,,,,,,,,7,10,15,2,3,0,3,0,20,8,9,8,9,0,1,0,1,18,1,8,1,8,6,7,6,7,22,,,,,,,,,,9,17,9,17,6,8,6,8,40,4698264,6141859,10840123,,,,4698264,6141859,10840123,4698264,6141859,10840123,,,,4698264,6141859,10840123,202,250,7598836,7598836,24094424,24094424
130226,00140200,Quinnipiac University,Mount Carmel Ave,,Hamden,CT,06518,3,NCAA Division I without football,,2254,3731,5985,2,"Private nonprofit, 4-year or above",4707698,9208490,,13916188,34,66,0,138077,194863,,332940,234874,116667,,7,12,,274477,116667,,5.99,12,,78031,50784,,12,21,,99403,59479,,9.42,17.93,,175,363,,,175,363,16791,333379,27063,574377,907756,,,,,,16791,333379,27063,574377,907756,5,2,5,2,0,0,0,0,7,3,0,3,0,9,0,9,0,12,,,,,,,,,,8,2,8,2,9,0,9,0,19,9,7,9,7,0,0,0,0,16,6,2,6,2,11,8,11,8,27,,,,,,,,,,15,9,15,9,11,8,11,8,43,6700238,12479303,19179541,,,,6700238,12479303,19179541,6700238,12479303,19179541,,,,6700238,12479303,19179541,175,299,4576864,4576864,29086450,29086450
131159,00143400,American University,4400 Massachusetts Ave NW,Bender Arena,Washington,DC,200168001,3,NCAA Division I without football,,2869,5013,7882,2,"Private nonprofit, 4-year or above",2738648,3989516,,6728164,41,59,0,146643,139936,,286579,121221,112399,,5,7,,151526,131132,,4,6,,38935,37636,,13,16,,50616,42258,,10,14.25,,155,217,,,155,217,34942,801911,32270,748544,1550455,,,,,,34942,801911,32270,748544,1550455,3,2,5,0,0,0,0,0,5,2,2,4,0,3,0,3,0,7,,,,,,,,,,5,4,9,0,3,0,3,0,12,8,5,10,3,0,3,2,1,16,2,4,4,2,9,5,11,3,20,,,,,,,,,,10,9,14,5,9,8,13,4,36,2758075,5026547,7784622,,,,2758075,5026547,7784622,2758075,5026547,7784622,,,,2758075,5026547,7784622,106,152,4468428,4468428,16343354,16343354
131469,00144400,George Washington University,"1925F Street, NW",,Washington,DC,20052,3,NCAA Division I without football,,3722,6474,10196,2,"Private nonprofit, 4-year or above",4148287,7656974,,11805261,35,65,0,152104,197710,,349814,158977,87973,,7,10,,188617,96674,,5.9,9.1,,48492,37667,,12,19,,61512,41561,,9.46,17.22,,158,300,,,158,300,69202,1277685,61163,1293793,2571478,,,,,,69202,1277685,61163,1293793,2571478,5,2,7,0,0,0,0,0,7,0,2,2,0,8,0,8,0,10,,,,,,,,,,5,4,9,0,8,0,8,0,17,7,8,10,5,0,5,2,3,20,5,7,8,4,9,10,11,8,31,,,,,,,,,,12,15,18,9,9,15,13,11,51,4855259,9195513,14050772,,,,4855259,9195513,14050772,4855259,9195514,14050773,,,,4855259,9195514,14050773,146,265,8722931,8722931,30473846,30473846
134945,00149500,Jacksonville University,2800 University Blvd N,,Jacksonville,FL,322113394,3,NCAA Division I without football,,966,1430,2396,2,"Private nonprofit, 4-year or above",2766249,3847515,,6613764,42,58,0,115529,75154,,190683,116166,87166,,7,10,,125102,99618,,6.5,8.75,,62908,45860,,12,13,,71895,48470,,10.5,12.3,,210,255,,,210,255,62030,1329855,58317,1120496,2450351,,,,,,62030,1329855,58317,1120496,2450351,6,1,7,0,0,0,0,0,7,4,2,6,0,4,0,4,0,10,,,,,,,,,,10,3,13,0,4,0,4,0,17,10,8,11,7,0,1,1,0,19,3,6,6,3,6,9,7,8,24,,,,,,,,,,13,14,17,10,6,10,8,8,43,4970633,5692774,10663407,,,,4970633,5692774,10663407,4970633,5692774,10663407,,,,4970633,5692774,10663407,210,246,3744703,3744703,17894541,17894541
136172,00984100,University of North Florida,1 UNF Drive,,Jacksonville,FL,322247699,3,NCAA Division I without football,,4392,6005,10397,1,"Public, 4-year or above",1094791,1640150,,2734941,40,60,0,73642,95228,,168870,112794,80099,,6,9,,123048,84811,,5.5,8.5,,44067,33130,,12,16,,52880,37863,,10,14,,158,202,,,158,202,50732,911858,57992,983286,1895144,,,,,,50732,911858,57992,983286,1895144,5,1,6,0,0,0,0,0,6,4,1,5,0,4,0,4,0,9,,,,,,,,,,9,2,11,0,4,0,4,0,15,8,5,9,4,0,1,1,0,14,3,2,4,1,8,7,9,6,20,,,,,,,,,,11,7,13,5,8,8,10,6,34,2582834,3437247,6020081,,,,2582834,3437247,6020081,2582596,3437247,6019843,,,,2582596,3437247,6019843,124,166,6077334,5744641,14783493,14450562
143358,00164100,Bradley University,1501 W Bradley Ave,,Peoria,IL,616250001,3,NCAA Division I without football,,2075,2139,4214,2,"Private nonprofit, 4-year or above",2059262,2656217,,4715479,44,56,0,146910,134867,,281777,280521,94106,,5,6,,311690,102661,,4.5,5.5,,84183,65361,,9,8,,94706,65361,,8,8,,158,155,,,158,155,59489,1203275,58188,934461,2137736,,,,,,59489,1203275,58188,934461,2137736,4,1,5,0,0,0,0,0,5,1,1,2,0,4,0,4,0,6,,,,,,,,,,5,2,7,0,4,0,4,0,11,7,2,8,1,0,1,1,0,10,1,0,1,0,7,0,7,0,8,,,,,,,,,,8,2,9,1,7,1,8,0,18,3287104,3339605,6626709,,,,3287104,3339605,6626709,3287103,3339605,6626708,,,,3287103,3339605,6626708,117,97,5873832,5873832,17695401,17695401
144005,00169400,Chicago State University,9501 S. King Drive,,Chicago,IL,606281598,3,NCAA Division I without football,,317,637,954,1,"Public, 4-year or above",1120863,1358354,,2479217,45,55,0,0,0,,0,52853,61536,,5,6,,66066,73843,,4,5,,39000,37333,,6,6,,46800,40727,,5,5.5,,131,125,,,131,125,34385,659154,48167,695249,1354403,,,,,,34385,659154,48167,695249,1354403,3,2,5,0,0,0,0,0,5,2,2,4,0,2,0,2,0,6,,,,,,,,,,5,4,9,0,2,0,2,0,11,4,4,6,2,0,0,0,0,8,0,0,0,0,4,3,6,1,7,,,,,,,,,,4,4,6,2,4,3,6,1,15,1414056,1985297,3399353,,,,1414056,1985297,3399353,1414056,1985297,3399353,,,,1414056,1985297,3399353,104,92,2455833,2455833,7617375,7617375
144740,00167100,DePaul University,1 E Jackson Blvd,,Chicago,IL,60604,3,NCAA Division I without football,,5854,6982,12836,2,"Private nonprofit, 4-year or above",2569958,4473794,,7043752,36,64,0,248888,212716,,461604,422205,208792,,5,6,,469117,227773,,4.5,5.5,,122637,68399,,12,15,,183956,89216,,8,11.5,,136,161,,,136,161,143253,2042266,95916,1619695,3661961,,,,,,143253,2042266,95916,1619695,3661961,4,1,5,0,0,0,0,0,5,1,1,2,0,4,0,4,0,6,,,,,,,,,,5,2,7,0,4,0,4,0,11,5,7,7,5,0,2,1,1,14,1,3,3,1,8,4,9,3,16,,,,,,,,,,6,10,10,6,8,6,10,4,30,3162052,5688881,8850933,,,,3162052,5688881,8850933,3162052,5688881,8850933,,,,3162052,5688881,8850933,91,119,13311694,13311694,33627815,33627815
145600,00177600,University of Illinois Chicago,601 S Morgan,,Chicago,IL,60607,3,NCAA Division I without football,,9279,10631,19910,1,"Public, 4-year or above",2088971,3554974,,5643945,37,63,0,166222,93178,,259400,129613,94344,,6,8,,155536,107822,,5,7,,52291,43908,,11,13,,63911,51891,,9,11,,177,197,,,177,197,43736,968291,50237,867977,1836268,,,,,,43736,968291,50237,867977,1836268,4,1,5,0,0,1,1,0,6,3,1,4,0,3,1,4,0,8,,,,,,,,,,7,2,9,0,3,2,5,0,14,7,3,8,2,0,2,2,0,12,3,2,4,1,6,2,8,0,13,,,,,,,,,,10,5,12,3,6,4,10,0,25,2897967,4662007,7559974,,,,2897967,4662007,7559974,2897967,4662007,7559974,,,,2897967,4662007,7559974,140,154,7094691,7094691,19006927,19006927
146719,00171000,Loyola University Chicago,1032 W. Sheridan Rd,,Chicago,IL,60660,3,NCAA Division I without football,,3545,7644,11189,2,"Private nonprofit, 4-year or above",2227071,3714098,,5941169,37,63,0,216701,130961,,347662,191125,94258,,5,6,,212361,102827,,4.5,5.5,,83994,46470,,11,14,,98711,54035,,9.36,12.04,,150,182,,,150,182,86931,1547067,56283,1072394,2619461,,,,,,86931,1547067,56283,1072394,2619461,4,1,5,0,0,0,0,0,5,1,1,2,0,4,0,4,0,6,,,,,,,,,,5,2,7,0,4,0,4,0,11,7,3,7,3,0,2,2,0,12,0,2,0,2,8,4,10,2,14,,,,,,,,,,7,5,7,5,8,6,12,2,26,2757489,4696795,7454284,,,,2757489,4696795,7454284,2757489,4696795,7454284,,,,2757489,4696795,7454284,110,124,8318611,8318611,22380462,22380462
149231,00175900,Southern Illinois University-Edwardsville,Il State Rte 157,,Edwardsville,IL,620261259,3,NCAA Division I without football,,3497,4574,8071,1,"Public, 4-year or above",1362138,1570195,,2932333,46,54,0,100098,74765,,174863,102750,84866,,6,6,,112091,92581,,5.5,5.5,,39631,38183,,12,11,,46038,42728,,10.33,9.83,,154,170,,,154,170,58246,1004431,35582,737510,1741941,,,,,,58246,1004431,35582,737510,1741941,5,1,5,1,0,0,0,0,6,3,1,3,1,2,0,2,0,6,,,,,,,,,,8,2,8,2,2,0,2,0,12,9,2,9,2,0,1,0,1,12,2,2,2,2,6,1,6,1,11,,,,,,,,,,11,4,11,4,6,2,6,2,23,3017203,2639319,5656522,,,,3017203,2639319,5656522,3017203,2639319,5656522,,,,3017203,2639319,5656522,127,127,2992954,2992954,11352534,11352534
150534,00179500,University of Evansville,1800 Lincoln Avenue,,Evansville,IN,47722,3,NCAA Division I without football,,591,915,1506,2,"Private nonprofit, 4-year or above",2478056,3488432,,5966488,42,58,0,82257,61049,,143306,64698,44311,,8,9,,115019,72509,,4.5,5.5,,17043,12232,,22,23,,32604,20840,,11.5,13.5,,188,164,,,188,164,52613,898476,33894,550240,1448716,,,,,,52613,898476,33894,550240,1448716,3,5,8,0,0,0,0,0,8,3,5,8,0,1,0,1,0,9,,,,,,,,,,6,10,16,0,1,0,1,0,17,7,15,17,5,0,2,2,0,24,2,13,12,3,7,3,9,1,25,,,,,,,,,,9,28,29,8,7,5,11,1,49,3086199,3753334,6839533,,,,3086199,3753334,6839533,3086199,3753334,6839533,,,,3086199,3753334,6839533,163,136,1954283,1954283,13403796,13403796
151102,00182800,Purdue University Fort Wayne,2101 E Coliseum Blvd,,Fort Wayne,IN,468051499,3,NCAA Division I without football,,2392,2342,4734,1,"Public, 4-year or above",1253359,1486831,,2740190,46,54,0,100109,79947,,180056,63464,45094,,8,8,,72530,51536,,7,7,,21551,29104,,12,12,,30425,38805,,8.5,9,,205,172,,,205,172,50678,1012062,31987,677931,1689993,,,,,,50678,1012062,31987,677931,1689993,4,4,8,0,0,0,0,0,8,2,4,6,0,2,0,2,0,8,,,,,,,,,,6,8,14,0,2,0,2,0,16,7,7,7,7,1,1,1,1,16,3,3,3,3,5,5,5,5,16,,,,,,,,,,10,10,10,10,6,6,6,6,32,2167752,2261979,4429731,,,,2167752,2261979,4429731,2079687,2202326,4282013,,,,2079687,2202326,4282013,153,129,5238726,5706101,13062826,13062826
151111,00181300,Indiana University-Purdue University-Indianapolis,250 University Blvd,,Indianapolis,IN,462025143,3,NCAA Division I without football,,6339,9530,15869,1,"Public, 4-year or above",1237279,1818964,,3056243,40,60,0,112319,79803,,192122,74045,69033,,6,8,,88854,78895,,5,7,,31332,26326,,12,14,,41776,33506,,9,11,,178,171,,,178,171,52319,809749,44490,702216,1511965,,,,,,52319,809749,44490,702216,1511965,4,2,6,0,0,0,0,0,6,4,2,6,0,2,0,2,0,8,,,,,,,,,,8,4,12,0,2,0,2,0,14,6,5,10,1,0,1,1,0,12,2,4,6,0,6,2,7,1,14,,,,,,,,,,8,9,16,1,6,3,8,1,26,1901940,3068665,4970605,,,,1901940,3068665,4970605,1901940,3068665,4970605,,,,1901940,3068665,4970605,120,135,1754152,1754152,10281925,10281925
156125,00195000,Wichita State University,1845 N. Fairmount,,Wichita,KS,672600124,3,NCAA Division I without football,,3787,4688,8475,1,"Public, 4-year or above",1441566,1970136,,3411702,42,58,0,242611,122105,,364716,309806,180068,,6,7,,371767,210079,,5,6,,109873,68580,,11,13,,134289,81049,,9,11,,180,208,,,180,208,111308,2124439,77217,1787226,3911665,,,,,,111308,2124439,77217,1787226,3911665,4,2,6,0,0,0,0,0,6,3,2,5,0,2,0,2,0,7,,,,,,,,,,7,4,11,0,2,0,2,0,13,7,10,10,7,0,3,1,2,20,2,9,5,6,6,6,7,5,23,,,,,,,,,,9,19,15,13,6,9,8,7,43,4365775,4706625,9072400,,,,4365775,4706625,9072400,4365775,4706625,9072400,,,,4365775,4706625,9072400,120,143,9639011,8065694,26887822,24048367
156286,00195400,Bellarmine University,2001 Newburg Rd,,Louisville,KY,402050671,3,NCAA Division I without football,,841,1449,2290,2,"Private nonprofit, 4-year or above",1971935,1762993,,3734928,53,47,0,92520,48606,,141126,101027,64312,,9,9,,106970,68095,,8.5,8.5,,37141,27712,,14,11,,45215,32088,,11.5,9.5,,294,244,,,294,244,77683,1974047,63842,1219250,3193297,,,,,,77683,1974047,63842,1219250,3193297,8,1,9,0,0,0,0,0,9,3,1,4,0,5,0,5,0,9,,,,,,,,,,11,2,13,0,5,0,5,0,18,8,14,9,13,0,1,0,1,23,0,7,1,6,6,7,7,6,20,,,,,,,,,,8,21,10,19,6,8,7,7,43,4002911,2910748,6913659,,,,4002911,2910748,6913659,4002911,2910748,6913659,,,,4002911,2910748,6913659,240,190,2462170,2462170,12818800,12818800
157447,00927500,Northern Kentucky University,Nunn Drive,,Highland Heights,KY,41099,3,NCAA Division I without football,,3006,4379,7385,1,"Public, 4-year or above",1181330,1881211,,3062541,39,61,0,99606,79145,,178751,118988,68947,,6,7,,142786,80438,,5,6,,40358,35116,,10,12,,62571,44639,,6.45,9.44,,140,159,,,140,159,72658,1277697,59056,978743,2256440,,,,,,72658,1277697,59056,978743,2256440,4,2,6,0,0,0,0,0,6,1,2,3,0,4,0,4,0,7,,,,,,,,,,5,4,9,0,4,0,4,0,13,5,7,5,7,0,0,0,0,12,6,3,6,3,3,1,4,0,13,,,,,,,,,,11,10,11,10,3,1,4,0,25,2281744,3575640,5857384,,,,2281744,3575640,5857384,2281744,3575640,5857384,,,,2281744,3575640,5857384,107,123,3387091,3387091,13068962,13068962
159939,00201500,University of New Orleans,2000 Lakeshore Drive,,New Orleans,LA,70148,3,NCAA Division I without football,,2202,2341,4543,1,"Public, 4-year or above",1236645,1163728,,2400373,52,48,0,33168,30618,,63786,86936,75800,,5,5,,108670,94750,,4,4,,49395,44452,,9,9,,59274,61549,,7.5,6.5,,113,66,,,113,66,45024,931312,36731,500409,1431721,,,,,,45024,931312,36731,500409,1431721,3,2,5,0,0,0,0,0,5,0,2,2,0,3,0,3,0,5,,,,,,,,,,3,4,7,0,3,0,3,0,10,6,4,7,3,0,1,1,0,11,1,2,3,0,3,3,6,0,9,,,,,,,,,,7,6,10,3,3,4,7,0,20,1490148,1462283,2952431,,,,1490148,1462283,2952431,1682973,1605561,3288534,,,,1682973,1605561,3288534,99,54,2204128,2204128,8113422,8113422
162283,00206800,Coppin State University,2500 West North Avenue,,Baltimore,MD,212163698,3,NCAA Division I without football,,314,1036,1350,1,"Public, 4-year or above",620319,788456,,1408775,44,56,0,3323,9029,,12352,70931,52576,,4,6,,106663,67694,,2.66,4.66,,27694,19612,,8,10,,51285,36865,,4.32,5.32,,89,118,,,89,118,11880,195394,13319,202324,397718,,,,,,11880,195394,13319,202324,397718,2,1,3,0,0,1,1,0,4,1,1,2,0,2,2,3,1,6,,,,,,,,,,3,2,5,0,2,3,4,1,10,3,5,3,5,0,0,0,0,8,1,5,1,5,1,3,1,3,10,,,,,,,,,,4,10,4,10,1,3,1,3,18,448173,827690,1275863,,,,448173,827690,1275863,663125,1060310,1723435,,,,663125,1060310,1723435,67,83,641746,644734,3631398,3631398
163046,00207800,Loyola University Maryland,4501 N Charles St,,Baltimore,MD,212102699,3,NCAA Division I without football,,1605,2124,3729,2,"Private nonprofit, 4-year or above",2881572,3732730,,6614302,44,56,0,132716,169549,,302265,130266,90618,,8,10,,184774,142481,,5.64,6.36,,47154,31897,,12,18,,76363,54216,,7.41,10.59,,237,300,,,237,300,51515,1198421,38598,910895,2109316,,,,,,51515,1198421,38598,910895,2109316,4,2,6,0,0,2,2,0,8,1,2,3,0,3,4,7,0,10,,,,,,,,,,5,4,9,0,3,6,9,0,18,5,9,5,9,1,5,3,3,20,2,8,2,8,6,11,12,5,27,,,,,,,,,,7,17,7,17,7,16,15,8,47,4473318,4986969,9460287,,,,4473318,4986969,9460287,4473318,4986969,9460287,,,,4473318,4986969,9460287,237,241,7595886,7595886,20838772,20838772
163268,00210500,University of Maryland-Baltimore County,1000 Hilltop Circle,,Baltimore,MD,21250,3,NCAA Division I without football,,4989,4155,9144,1,"Public, 4-year or above",2501647,3101251,,5602898,45,55,0,92884,103289,,196173,112399,74131,,7,8,,148172,93985,,5.31,6.31,,40440,37006,,16,17,,68109,59914,,9.5,10.5,,294,217,,,294,217,42755,1136418,43564,948338,2084756,,,,,,42755,1136418,43564,948338,2084756,4,3,6,1,0,0,0,0,7,1,3,3,1,4,0,4,0,8,,,,,,,,,,5,6,9,2,4,0,4,0,15,8,9,9,8,0,4,2,2,21,4,8,5,7,5,4,7,2,21,,,,,,,,,,12,17,14,15,5,8,9,4,42,3604761,4346233,7950994,,,,3604761,4346233,7950994,3604761,4346233,7950994,,,,3604761,4346233,7950994,223,174,4880829,4880829,16646707,16646707
163338,00210600,University of Maryland Eastern Shore,11868 College Backbone Rd.,,Princess Anne,MD,218531299,3,NCAA Division I without football,,747,872,1619,1,"Public, 4-year or above",999862,1447763,,2447625,41,59,0,42108,41322,,83430,85949,71905,,4,6,,114599,86286,,3,5,,58746,54829,,5,4,,65273,62662,,4.5,3.5,,122,110,,,122,110,24325,388087,39467,470446,858533,,,,,,24325,388087,39467,470446,858533,2,2,4,0,0,0,0,0,4,3,2,5,0,1,0,1,0,6,,,,,,,,,,5,4,9,0,1,0,1,0,10,4,1,5,0,0,0,0,0,5,1,1,1,1,2,0,2,0,4,,,,,,,,,,5,2,6,1,2,0,2,0,9,1016151,1584454,2600605,,,,1016151,1584454,2600605,1019460,1566935,2586395,,,,1019460,1566935,2586395,96,89,1570279,1570279,6377981,6377981
163462,00208600,Mount St. Mary's University,16300 Old Emmitsburg Road,,Emmitsburg,MD,217277799,3,NCAA Division I without football,,924,981,1905,2,"Private nonprofit, 4-year or above",2624076,2721454,,5345530,49,51,0,113930,45584,,159514,66382,53915,,9,11,,91914,69772,,6.5,8.5,,27575,16698,,21,23,,46326,32004,,12.5,12,,378,326,,,378,326,47893,1226885,59833,1204463,2431348,,,,,,47893,1226885,59833,1204463,2431348,4,4,8,0,0,1,1,0,9,2,4,6,0,4,1,5,0,11,,,,,,,,,,6,8,14,0,4,2,6,0,20,8,11,10,9,1,4,4,1,24,2,9,4,7,5,8,8,5,24,,,,,,,,,,10,20,14,16,6,12,12,6,48,3869585,4364659,8234244,,,,3869585,4364659,8234244,3869585,4364659,8234244,,,,3869585,4364659,8234244,284,258,2469485,2469485,13762464,13762464
164988,00213000,Boston University,One Silber Way,,Boston,MA,02215,3,NCAA Division I without football,,7199,9998,17197,2,"Private nonprofit, 4-year or above",6882714,11276101,,18158815,38,62,0,282137,255909,,538046,168739,109845,,9,12,,209469,128599,,7.25,10.25,,60402,45592,,18,24,,78331,62958,,13.88,17.38,,363,398,,,363,398,75601,2190074,83412,1988809,4178883,,,,,,75601,2190074,83412,1988809,4178883,5,4,8,1,0,0,0,0,9,1,4,4,1,7,0,7,0,12,,,,,,,,,,6,8,12,2,7,0,7,0,21,10,10,11,9,1,3,3,1,24,2,9,3,8,14,6,16,4,31,,,,,,,,,,12,19,14,17,15,9,19,5,55,11162949,14798550,25961499,,,,11162949,14798550,25961499,11162949,14798550,25961499,,,,11162949,14798550,25961499,281,335,5790992,5790992,36924212,36924212
166513,00216100,University of Massachusetts-Lowell,1 University Ave,,Lowell,MA,018545104,3,NCAA Division I without football,,5865,4108,9973,1,"Public, 4-year or above",3433619,3156154,,6589773,52,48,0,193490,135438,,328928,182555,85958,,6,6,,199151,93772,,5.5,5.5,,47940,41308,,16,14,,61363,48193,,12.5,12,,371,262,,,371,262,61897,1810698,33300,898285,2708983,,,,,,61897,1810698,33300,898285,2708983,5,1,6,0,0,0,0,0,6,1,1,2,0,4,0,4,0,6,,,,,,,,,,6,2,8,0,4,0,4,0,12,10,9,11,8,0,3,2,1,22,3,5,4,4,7,3,9,1,18,,,,,,,,,,13,14,15,12,7,6,11,2,40,6970653,4616462,11587115,,,,6970653,4616462,11587115,6961509,4574094,11535603,,,,6961509,4574094,11535603,238,181,7263207,7263207,22465209,22227858
167358,00219900,Northeastern University,360 Huntington Ave,,Boston,MA,021155005,3,NCAA Division I without football,,7176,8469,15645,2,"Private nonprofit, 4-year or above",6764065,8528367,26500,15318932,44,56,0,168959,196528,0,365487,220047,119312,13200,6,8,1,240051,127266,60000,5.5,7.5,0.22,60464,45803,7379,16,21,3,76476,59155,47100,12.65,16.26,0.47,283,321,25,1,308,322,90045,2505356,70937,2042872,4548228,361,9016,361,361,9377,90406,2514372,71298,2043233,4557605,5,0,5,0,0,1,1,0,6,3,0,3,0,4,1,5,0,8,0,1,0,1,0,0,0,0,1,8,1,8,1,4,2,6,0,15,8,11,12,7,0,2,0,2,21,6,8,10,4,6,7,7,6,27,0,3,0,3,0,0,0,0,3,14,22,22,14,6,9,7,8,51,10196320,11475991,21672311,87137,3485,90622,10283457,11479476,21762933,10196320,11475991,21672311,87137,3485,90622,10283457,11479476,21762933,239,260,6568821,6568821,34203421,34203421
169716,00232300,University of Detroit Mercy,4001 W McNichols Rd,,Detroit,MI,482213038,3,NCAA Division I without football,,765,1417,2182,2,"Private nonprofit, 4-year or above",2158249,2717346,,4875595,44,56,0,29280,26641,,55921,115343,44859,,6,7,,183570,63437,,3.77,4.95,,56465,35219,,8,8,,64531,62612,,7,4.5,,210,177,,,210,177,48426,872820,36941,647890,1520710,,,,,,48426,872820,36941,647890,1520710,3,3,5,1,0,0,0,0,6,3,2,4,1,1,1,1,1,7,,,,,,,,,,6,5,9,2,1,1,1,1,13,5,3,6,2,0,0,0,0,8,1,3,2,2,3,1,3,1,8,,,,,,,,,,6,6,8,4,3,1,3,1,16,2350684,2717504,5068188,,,,2350684,2717504,5068188,2350684,2714253,5064937,,,,2350684,2714253,5064937,154,144,3269171,2535419,12722490,11985487
171571,00230700,Oakland University,2200 North Squirrel Road,,Rochester Hills,MI,483094401,3,NCAA Division I without football,,4446,6390,10836,1,"Public, 4-year or above",1853729,2865138,,4718867,39,61,0,77510,78160,,155670,123317,77686,,7,9,,143870,93099,,6,7.51,,40247,32227,,15,15,,67078,48340,,9,10,,192,225,,,192,225,68569,1198707,70084,1204205,2402912,,,,,,68569,1198707,70084,1204205,2402912,4,2,6,0,0,1,1,0,7,3,2,5,0,3,1,4,0,9,,,,,,,,,,7,4,11,0,3,2,5,0,16,7,12,7,12,0,4,0,4,23,4,9,4,9,2,11,2,11,26,,,,,,,,,,11,21,11,21,2,15,2,15,49,2918756,4157724,7076480,,,,2918756,4157724,7076480,2918756,4157724,7076480,,,,2918756,4157724,7076480,44,57,6934999,6647486,17613217,17325704
178402,00251800,University of Missouri-Kansas City,5000 Holmes St.,,Kansas City,MO,64110,3,NCAA Division I without football,,2274,3439,5713,1,"Public, 4-year or above",1360006,1992698,,3352704,41,59,0,91309,87434,,178743,149526,106420,,4,6,,170887,116095,,3.5,5.5,,95673,61795,,4,6,,95673,61795,,4,6,,76,125,,,76,125,34306,614112,43008,971951,1586063,,,,,,34306,614112,43008,971951,1586063,3,1,4,0,0,0,0,0,4,2,1,3,0,3,0,3,0,6,,,,,,,,,,5,2,7,0,3,0,3,0,10,4,0,4,0,0,0,0,0,4,3,0,3,0,3,0,3,0,6,,,,,,,,,,7,0,7,0,3,0,3,0,10,1411273,2766227,4177500,,,,1411273,2766227,4177500,1411273,2766227,4177500,,,,1411273,2766227,4177500,76,125,4335632,4335632,12893022,12893022
179159,00250600,Saint Louis University,One North Grand Blvd,,Saint Louis,MO,631032097,3,NCAA Division I without football,,2473,4142,6615,2,"Private nonprofit, 4-year or above",2612281,3554887,,6167168,42,58,0,242563,141536,,384099,511731,116248,,6,8,,682308,143074,,4.5,6.5,,62465,38342,,13,15,,86572,51674,,9.38,11.13,,202,280,,,202,280,123966,2245942,76096,1705796,3951738,,,,,,123966,2245942,76096,1705796,3951738,3,3,6,0,0,0,0,0,6,1,3,4,0,4,0,4,0,8,,,,,,,,,,4,6,10,0,4,0,4,0,14,7,6,7,6,0,4,0,4,17,4,5,4,5,5,7,5,7,21,,,,,,,,,,11,11,11,11,5,11,5,11,38,3779586,5100829,8880415,,,,3779586,5100829,8880415,3779586,5100829,8880415,,,,3779586,5100829,8880415,159,206,11888251,11888251,31571057,31571057
181002,00254200,Creighton University,2500 California Plaza,,Omaha,NE,68178,3,NCAA Division I without football,,1776,2583,4359,2,"Private nonprofit, 4-year or above",2517569,3203705,,5721274,44,56,0,626910,155945,,782855,480287,114222,,6,8,,576344,135374,,5,6.75,,157191,60971,,9,11,,176840,67068,,8,10,,161,221,,,161,221,147810,2741234,112090,1856776,4598010,,,,,,147810,2741234,112090,1856776,4598010,3,3,5,1,0,0,0,0,6,3,3,5,1,1,1,1,1,8,,,,,,,,,,6,6,10,2,1,1,1,1,14,7,2,7,2,0,0,0,0,9,1,2,1,2,7,5,7,5,15,,,,,,,,,,8,4,8,4,7,5,7,5,24,3899938,5192684,9092622,,,,3899938,5192684,9092622,4255857,5496778,9752635,,,,4255857,5496778,9752635,128,189,6382797,7846953,30163548,30163548
181394,00255400,University of Nebraska at Omaha,6001 Dodge St,,Omaha,NE,681820225,3,NCAA Division I without football,,4298,5650,9948,1,"Public, 4-year or above",1902129,1700740,,3602869,53,47,0,108938,71525,,180463,100135,66094,,7,8,,116824,75536,,6,7,,59127,37389,,12,12,,70952,44867,,10,10,,148,216,,,148,216,80655,1805813,51158,946651,2752464,,,,,,80655,1805813,51158,946651,2752464,5,2,7,0,0,0,0,0,7,5,2,7,0,1,0,1,0,8,,,,,,,,,,10,4,14,0,1,0,1,0,15,8,2,10,0,0,2,2,0,12,2,2,4,0,6,2,8,0,12,,,,,,,,,,10,4,14,0,6,4,10,0,24,6097205,2778230,8875435,,,,6097205,2778230,8875435,6398086,4336193,10734279,,,,6398086,4336193,10734279,148,176,6630520,6630520,21351679,21351679
184603,00260700,Fairleigh Dickinson University-Metropolitan Campus,1000 River Rd,,Teaneck,NJ,076661938,3,NCAA Division I without football,,818,1059,1877,2,"Private nonprofit, 4-year or above",2395943,3336610,,5732553,42,58,0,80627,66470,,147097,95678,50835,,7,9,,121772,60678,,5.5,7.54,,41227,30672,,7,7,,54969,40896,,5.25,5.25,,189,172,,,189,172,35291,710510,47959,759793,1470303,,,,,,35291,710510,47959,759793,1470303,4,2,6,0,0,1,1,0,7,3,4,5,2,1,1,2,0,9,,,,,,,,,,7,6,11,2,1,2,3,0,16,4,12,6,10,0,4,0,4,20,0,11,2,9,4,6,4,6,21,,,,,,,,,,4,23,8,19,4,10,4,10,41,3403625,4220255,7623880,,,,3403625,4220255,7623880,3403625,4220255,7623880,,,,3403625,4220255,7623880,152,141,4038237,4038237,14598530,14598530
185828,00262100,New Jersey Institute of Technology,University Heights,,Newark,NJ,07102,3,NCAA Division I without football,,5430,1857,7287,1,"Public, 4-year or above",2823486,2166427,,4989913,57,43,0,134659,88553,,223212,90556,88070,,9,6,,101876,105684,,8,5,,33369,28401,,18,12,,64934,52433,,9.25,6.5,,261,117,,,261,117,46673,1122820,29500,502202,1625022,,,,,,46673,1122820,29500,502202,1625022,7,2,8,1,0,0,0,0,9,2,2,3,1,2,0,2,0,6,,,,,,,,,,9,4,11,2,2,0,2,0,15,3,20,7,16,0,1,0,1,24,1,10,2,9,1,2,3,0,14,,,,,,,,,,4,30,9,25,1,3,3,1,38,5000678,2705791,7706469,,,,5000678,2705791,7706469,4895929,2669023,7564952,,,,4895929,2669023,7564952,224,95,4210444,3700643,15586979,14921586
186283,00262800,Rider University,2083 Lawrence Road,,Lawrenceville,NJ,086483099,3,NCAA Division I without football,,1248,1748,2996,2,"Private nonprofit, 4-year or above",2784157,2639751,,5423908,51,49,0,64626,43532,,108158,93318,83136,,8,8,,106649,110848,,7,6,,45097,37518,,16,15,,55080,43795,,13.1,12.85,,310,251,,,310,251,34882,736076,22656,491343,1227419,,,,,,34882,736076,22656,491343,1227419,4,4,6,2,0,0,0,0,8,2,3,4,1,2,1,2,1,8,,,,,,,,,,6,7,10,3,2,1,2,1,16,4,10,5,9,0,2,1,1,16,1,7,2,6,3,4,3,4,15,,,,,,,,,,5,17,7,15,3,6,4,5,31,4069233,3502509,7571742,,,,4069233,3502509,7571742,4069233,3502509,7571742,,,,4069233,3502509,7571742,213,185,4049542,4049542,15520117,15520117
186432,00263800,Saint Peter's University,2641 Kennedy Blvd,,Jersey City,NJ,073065997,3,NCAA Division I without football,,728,1183,1911,2,"Private nonprofit, 4-year or above",1571398,1618759,,3190157,49,51,0,18366,11786,,30152,83935,38257,,6,6,,154957,70628,,3.25,3.25,,39481,16628,,6,8,,63170,38007,,3.75,3.5,,165,137,,,165,137,39945,688805,22710,405603,1094408,,,,,,39945,688805,22710,405603,1094408,2,4,3,3,0,0,0,0,6,2,3,3,2,0,1,0,1,6,,,,,,,,,,4,7,6,5,0,1,0,1,12,3,10,3,10,0,0,0,0,13,1,4,1,4,1,5,1,5,11,,,,,,,,,,4,14,4,14,1,5,1,5,24,1167676,1177547,2345223,,,,1167676,1177547,2345223,1167676,1177547,2345223,,,,1167676,1177547,2345223,126,104,2116368,2116368,8124808,8124808
186584,00263200,Seton Hall University,400 S Orange Ave,,South Orange,NJ,070792697,3,NCAA Division I without football,,2632,3163,5795,2,"Private nonprofit, 4-year or above",3400498,5004922,,8405420,40,60,0,193760,148914,,342674,553012,102141,,6,8,,663614,116733,,5,7,,101002,49453,,9,11,,119137,56488,,7.63,9.63,,140,144,,,140,144,149231,2651847,109356,1728919,4380766,,,,,,149231,2651847,109356,1728919,4380766,4,2,6,0,0,0,0,0,6,2,2,4,0,4,0,4,0,8,,,,,,,,,,6,4,10,0,4,0,4,0,14,7,12,8,11,0,0,0,0,19,3,9,4,8,6,0,6,0,18,,,,,,,,,,10,21,12,19,6,0,6,0,37,4409794,6116608,10526402,,,,4409794,6116608,10526402,4409794,6116608,10526402,,,,4409794,6116608,10526402,140,144,5314054,5314054,28718708,28718708
189705,00268100,Canisius College,2001 Main Street,,Buffalo,NY,142081098,3,NCAA Division I without football,,865,904,1769,2,"Private nonprofit, 4-year or above",2150125,2019798,,4169923,52,48,0,139204,113949,,253153,96903,61683,,8,8,,110746,70495,,7,7,,22527,11651,,16,18,,45054,24672,,8,8.5,,253,224,,,253,224,52123,1245032,40613,795004,2040036,,,,,,52123,1245032,40613,795004,2040036,5,3,8,0,0,0,0,0,8,2,2,4,0,4,0,4,0,8,,,,,,,,,,7,5,12,0,4,0,4,0,16,6,8,6,8,0,2,0,2,16,0,7,0,7,5,6,5,6,18,,,,,,,,,,6,15,6,15,5,8,5,8,34,3806174,2796599,6602773,,,,3806174,2796599,6602773,3806171,2796600,6602771,,,,3806171,2796600,6602771,220,182,2473543,2473543,11987825,11987825
191649,00273200,Hofstra University,100 Hofstra University,,Hempstead,NY,11549,3,NCAA Division I without football,,2442,3288,5730,2,"Private nonprofit, 4-year or above",4300356,5558271,,9858627,44,56,0,117100,67293,,184393,141530,87736,,8,9,,161749,98703,,7,8,,64744,45081,,14,15,,71653,49540,,12.65,13.65,,223,302,,,223,302,77877,1544612,65447,1262001,2806613,,,,,,77877,1544612,65447,1262001,2806613,6,2,8,0,0,0,0,0,8,2,2,4,0,5,0,5,0,9,,,,,,,,,,8,4,12,0,5,0,5,0,17,12,3,12,3,0,2,1,1,17,5,2,5,2,8,4,9,3,19,,,,,,,,,,17,5,17,5,8,6,10,4,36,6602531,7714709,14317240,,,,6602531,7714709,14317240,6602531,7714709,14317240,,,,6602531,7714709,14317240,198,194,5322870,5322870,25291104,25291104
192703,00275800,Manhattan College,4513 Manhattan College Parkway,,Riverdale,NY,104714098,3,NCAA Division I without football,,1688,1328,3016,2,"Private nonprofit, 4-year or above",3088805,3210642,,6299447,49,51,0,49091,59811,,108902,93365,50150,,7,8,,120139,62983,,5.44,6.37,,33998,39744,,13,9,,53965,45107,,8.19,7.93,,275,223,,,275,223,53420,1358713,38285,814944,2173657,,,,,,53420,1358713,38285,814944,2173657,4,2,5,1,0,1,1,0,7,0,0,0,0,5,3,7,1,8,,,,,,,,,,4,2,5,1,5,4,8,1,15,7,5,7,5,1,1,1,1,14,0,1,0,1,6,3,6,3,10,,,,,,,,,,7,6,7,6,7,4,7,4,24,3168529,3608977,6777506,,,,3168529,3608977,6777506,3168529,3608977,6777506,,,,3168529,3608977,6777506,210,188,3617009,3617009,15241781,15241781
193973,00278800,Niagara University,Lewiston Road,,Niagara University,NY,14109,3,NCAA Division I without football,,958,1740,2698,2,"Private nonprofit, 4-year or above",2700638,3166865,,5867503,46,54,0,112853,68627,,181480,80041,54023,,8,10,,105317,72906,,6.08,7.41,,43474,19523,,10,14,,57965,31237,,7.5,8.75,,156,191,,,156,191,58111,1150837,43042,751412,1902249,,,,,,58111,1150837,43042,751412,1902249,4,3,6,1,0,1,1,0,8,2,2,4,0,3,3,5,1,10,,,,,,,,,,6,5,10,1,3,4,6,1,18,6,2,6,2,0,2,1,1,10,2,5,2,5,4,3,5,2,14,,,,,,,,,,8,7,8,7,4,5,6,3,24,3869802,3461439,7331241,,,,3869802,3461439,7331241,3810792,3520449,7331241,,,,3810792,3520449,7331241,155,178,2323731,2323731,13408929,13408929
195164,00281700,St Bonaventure University,3261 W. State Road,,Saint Bonaventure,NY,147789800,3,NCAA Division I without football,,947,777,1724,2,"Private nonprofit, 4-year or above",2767984,2561283,,5329267,52,48,0,194472,54680,,249152,211540,71057,,8,7,,282053,90436,,6,5.5,,55276,32642,,12,11,,73701,42243,,9,8.5,,261,209,,,261,209,104678,1792510,48001,934922,2727432,,,,,,104678,1792510,48001,934922,2727432,4,4,7,1,0,0,0,0,8,4,3,7,0,0,0,0,0,7,,,,,,,,,,8,7,14,1,0,0,0,0,15,7,3,8,2,0,3,2,1,13,1,2,2,1,6,3,8,1,12,,,,,,,,,,8,5,10,3,6,6,10,2,25,3401309,2735614,6136923,,,,3401309,2735614,6136923,3401309,2735614,6136923,,,,3401309,2735614,6136923,205,167,4070082,4070082,16370515,16370515
195173,00282000,St. Francis College,179 Livingston Street,,Brooklyn,NY,112014305,3,NCAA Division I without football,,791,1472,2263,2,"Private nonprofit, 4-year or above",1607955,1805501,,3413456,47,53,0,69157,54439,,123596,77723,56535,,6,7,,108451,80764,,4.3,4.9,,29985,22545,,13,16,,51290,43460,,7.6,8.3,,199,196,,,199,196,29279,667264,28416,480680,1147944,,,,,,29279,667264,28416,480680,1147944,2,5,6,1,0,0,0,0,7,1,4,4,1,2,1,2,1,8,,,,,,,,,,3,9,10,2,2,1,2,1,15,4,6,6,4,0,4,2,2,14,3,5,4,4,2,7,3,6,17,,,,,,,,,,7,11,10,8,2,11,5,8,31,2114095,2299231,4413326,,,,2114095,2299231,4413326,2114095,2299231,4413326,,,,2114095,2299231,4413326,170,173,2361653,2361653,9335564,9335564
195474,00281600,Siena College,515 Loudon Rd,,Loudonville,NY,122111462,3,NCAA Division I without football,,1497,1896,3393,2,"Private nonprofit, 4-year or above",2731589,3808758,,6540347,42,58,0,139068,126172,,265240,73168,53288,,9,12,,109752,80944,,6,7.9,,39543,29857,,11,14,,72496,59714,,6,7,,231,239,,,231,239,80120,1554265,50841,885497,2439762,,,,,,80120,1554265,50841,885497,2439762,4,5,8,1,0,0,0,0,9,3,6,8,1,2,1,3,0,12,,,,,,,,,,7,11,16,2,2,1,3,0,21,5,12,5,12,0,0,0,0,17,1,10,1,10,5,4,5,4,20,,,,,,,,,,6,22,6,22,5,4,5,4,37,3259593,4475550,7735143,,,,3259593,4475550,7735143,3259593,4475550,7735143,,,,3259593,4475550,7735143,149,191,3405434,3405434,16305787,16305787
195809,00282300,St. John's University-New York,8000 Utopia Pky,,Queens,NY,11439,3,NCAA Division I without football,,4370,5505,9875,2,"Private nonprofit, 4-year or above",3766815,5237264,,9004079,42,58,0,236825,189046,,425871,467218,146702,,7,8,,503158,156482,,6.5,7.5,,163915,70429,,10,13,,182128,76298,,9,12,,183,189,,,183,189,136209,2591062,99457,1615768,4206830,,,,,,136209,2591062,99457,1615768,4206830,6,1,7,0,0,0,0,0,7,3,1,4,0,4,0,4,0,8,,,,,,,,,,9,2,11,0,4,0,4,0,15,8,6,8,6,0,0,0,0,14,4,5,4,5,7,1,7,1,17,,,,,,,,,,12,11,12,11,7,1,7,1,31,5761610,7005954,12767564,,,,5761610,7005954,12767564,5761610,7005954,12767564,,,,5761610,7005954,12767564,183,144,14012118,14012118,40573584,40573584
196079,00283600,Binghamton University,4400 Vestal Parkway East,,Vestal,NY,138506000,3,NCAA Division I without football,,6754,7209,13963,1,"Public, 4-year or above",2294592,2343425,,4638017,49,51,0,104313,87223,,191536,94548,85432,,10,9,,115868,104896,,8.16,7.33,,38268,35733,,17,14,,56867,51627,,11.44,9.69,,279,263,,,279,263,59212,1356009,38048,757978,2113987,,,,,,59212,1356009,38048,757978,2113987,5,4,7,2,0,1,1,0,10,1,2,3,0,4,2,5,1,9,,,,,,,,,,6,6,10,2,4,3,6,1,19,8,13,9,12,0,2,0,2,23,2,5,3,4,5,5,5,5,17,,,,,,,,,,10,18,12,16,5,7,5,7,40,15155512,3794535,18950047,,,,15155512,3794535,18950047,5630898,3794535,9425433,,,,5630898,3794535,9425433,226,195,8343142,6883747,31100525,20116516
198695,00293300,High Point University,One University Parkway,,High Point,NC,27268,3,NCAA Division I without football,,2142,2707,4849,2,"Private nonprofit, 4-year or above",4014786,4348003,,8362789,48,52,0,138750,97276,,236026,216441,79974,,6,6,,216441,79974,,6,6,,51010,39636,,12,12,,58297,45298,,10.5,10.5,,307,233,,,307,233,49734,1353734,37365,732533,2086267,,,,,,49734,1353734,37365,732533,2086267,6,0,6,0,0,0,0,0,6,2,0,2,0,4,0,4,0,6,,,,,,,,,,8,0,8,0,4,0,4,0,12,9,2,11,0,0,1,1,0,12,3,2,5,0,6,1,7,0,12,,,,,,,,,,12,4,16,0,6,2,8,0,24,5766116,5103342,10869458,,,,5766116,5103342,10869458,5338108,4791229,10129337,,,,5338108,4791229,10129337,241,166,6736747,4125040,24102551,20164689
199111,00290700,University of North Carolina at Asheville,One University Heights,,Asheville,NC,288048510,3,NCAA Division I without football,,1162,1613,2775,1,"Public, 4-year or above",936556,1233768,,2170324,43,57,0,38730,56903,,95633,59702,49796,,6,8,,71642,56910,,5,7,,24765,23263,,13,13,,46323,39950,,6.95,7.57,,170,173,,,170,173,29568,655912,32007,519810,1175722,,,,,,29568,655912,32007,519810,1175722,4,2,6,0,0,0,0,0,6,2,2,4,0,4,0,4,0,8,,,,,,,,,,6,4,10,0,4,0,4,0,14,4,7,7,4,0,2,0,2,13,1,7,4,4,3,4,3,4,15,,,,,,,,,,5,14,11,8,3,6,3,6,28,1609521,2054147,3663668,,,,1609521,2054147,3663668,1609521,2054147,3663668,,,,1609521,2054147,3663668,122,135,1901242,1901242,7353806,7353806
199148,00297600,University of North Carolina at Greensboro,1400 Spring Garden St,,Greensboro,NC,27402,3,NCAA Division I without football,,4140,8384,12524,1,"Public, 4-year or above",1095053,1607739,,2702792,41,59,0,186432,88865,,275297,160330,82914,,6,7,,174905,89292,,5.5,6.5,,54632,45547,,9,10,,61461,50608,,8,9,,145,148,,,145,148,63368,1106527,44847,759251,1865778,,,,,,63368,1106527,44847,759251,1865778,5,0,5,0,0,1,1,0,6,3,0,3,0,3,1,4,0,7,,,,,,,,,,8,0,8,0,3,2,5,0,13,7,5,8,4,0,0,0,0,12,1,3,2,2,7,1,7,1,12,,,,,,,,,,8,8,10,6,7,1,7,1,24,2618109,2639499,5257608,,,,2618109,2639499,5257608,2618108,2639499,5257607,,,,2618108,2639499,5257607,119,120,5836184,4521480,15131273,13816568
199218,00298400,University of North Carolina Wilmington,601 South College Road,,Wilmington,NC,284035963,3,NCAA Division I without football,,4341,7329,11670,1,"Public, 4-year or above",1058918,1520760,,2579678,41,59,0,170851,122546,,293397,113400,61794,,7,9,,132300,79449,,6,7,,54721,33199,,12,16,,60801,40241,,10.8,13.2,,176,214,,,176,214,53357,1038460,39755,778507,1816967,,,,,,53357,1038460,39755,778507,1816967,5,2,7,0,0,0,0,0,7,2,2,4,0,3,2,5,0,9,,,,,,,,,,7,4,11,0,3,2,5,0,16,6,11,10,7,0,1,1,0,18,0,11,7,4,5,6,6,5,22,,,,,,,,,,6,22,17,11,5,7,7,5,40,2868364,2983926,5852290,,,,2868364,2983926,5852290,2868364,2983926,5852290,,,,2868364,2983926,5852290,172,175,5695046,5695046,15355940,15355940
202134,00303200,Cleveland State University,2121 Euclid Avenue,,Cleveland,OH,441152214,3,NCAA Division I without football,,3693,4512,8205,1,"Public, 4-year or above",1497206,2112264,,3609470,41,59,0,132573,125320,,257893,107563,60236,,8,9,,122929,67766,,7,8,,51057,33218,,14,13,,63538,40171,,11.25,10.75,,192,195,,,192,195,40473,811364,39013,603071,1414435,,,,,,40473,811364,39013,603071,1414435,6,0,6,0,0,2,2,0,8,5,0,5,0,2,2,4,0,9,,,,,,,,,,11,0,11,0,2,4,6,0,17,9,5,11,3,0,0,0,0,14,3,4,5,2,5,1,5,1,13,,,,,,,,,,12,9,16,5,5,1,5,1,27,2606895,3235546,5842441,,,,2606895,3235546,5842441,2403790,2902558,5306348,,,,2403790,2902558,5306348,192,166,4793100,4602079,14782161,14553259
206604,00307800,Wright State University-Main Campus,3640 Colonel Glenn Highway,,Dayton,OH,454350001,3,NCAA Division I without football,,2484,3033,5517,1,"Public, 4-year or above",1112130,1095027,,2207157,50,50,0,69986,67199,,137185,162351,82932,,5,4,,196551,85497,,4.13,3.88,,71889,49594,,7,6,,82092,50606,,6.13,5.88,,117,115,,,117,115,53493,977803,18715,367026,1344829,,,,,,53493,977803,18715,367026,1344829,4,1,5,0,0,0,0,0,5,1,1,2,0,2,0,2,0,4,,,,,,,,,,5,2,7,0,2,0,2,0,9,6,4,7,3,0,0,0,0,10,3,3,4,2,2,3,2,3,11,,,,,,,,,,9,7,11,5,2,3,2,3,21,1695511,1318886,3014397,,,,1695511,1318886,3014397,1695511,1318886,3014397,,,,1695511,1318886,3014397,117,94,3403049,3403049,10609757,10609757
206622,00314400,Xavier University,3800 Victory Parkway,,Cincinnati,OH,452071092,3,NCAA Division I without football,,2114,2764,4878,2,"Private nonprofit, 4-year or above",2912834,3872948,,6785782,43,57,0,616095,137491,,753586,554710,152425,,7,7,,647162,177829,,6,6,,99164,54656,,13,12,,161142,81984,,8,8,,202,186,,,202,186,184361,3667824,82305,1243215,4911039,,,,,,184361,3667824,82305,1243215,4911039,4,3,7,0,0,0,0,0,7,1,3,4,0,3,0,3,0,7,,,,,,,,,,5,6,11,0,3,0,3,0,14,7,3,7,3,0,3,1,2,13,3,2,3,2,4,3,5,2,12,,,,,,,,,,10,5,10,5,4,6,6,4,25,5512104,4342128,9854232,,,,5512104,4342128,9854232,5512107,4342128,9854235,,,,5512107,4342128,9854235,181,165,9949116,9949116,38615456,38615456
207582,00398500,Oral Roberts University,7777 S Lewis Ave.,,Tulsa,OK,74171,3,NCAA Division I without football,,1046,1702,2748,2,"Private nonprofit, 4-year or above",2052480,2314452,,4366932,47,53,0,122985,96640,,219625,96987,58902,,6,6,,129316,78536,,4.5,4.5,,44435,31500,,14,14,,62209,44100,,10,10,,195,145,,,195,145,63222,1228839,47968,768637,1997476,,,,,,63222,1228839,47968,768637,1997476,3,3,6,0,0,0,0,0,6,2,3,5,0,1,0,1,0,6,,,,,,,,,,5,6,11,0,1,0,1,0,12,7,9,11,5,0,1,1,0,17,6,8,10,4,1,1,2,0,16,,,,,,,,,,13,17,21,9,1,2,3,0,33,3054728,2906725,5961453,,,,3054728,2906725,5961453,2961082,2837822,5798904,,,,2961082,2837822,5798904,146,113,3175095,2732111,12741254,12109178
209825,00322400,University of Portland,5000 N Willamette Blvd,,Portland,OR,972035798,3,NCAA Division I without football,,1321,2162,3483,2,"Private nonprofit, 4-year or above",3229930,4249298,,7479228,43,57,0,150504,151456,,301960,216045,104680,,5,7,,216045,116311,,5,6.3,,67615,42288,,9,13,,77225,52406,,7.88,10.49,,179,212,,,179,212,74306,1614384,72252,1464465,3078849,,,,,,74306,1614384,72252,1464465,3078849,5,0,5,0,0,0,0,0,5,4,1,5,0,2,0,2,0,7,,,,,,,,,,9,1,10,0,2,0,2,0,12,7,5,8,4,0,0,0,0,12,3,6,4,5,5,4,5,4,18,,,,,,,,,,10,11,12,9,5,4,5,4,30,4661883,5604702,10266585,,,,4661883,5604702,10266585,4661883,5604702,10266585,,,,4661883,5604702,10266585,148,151,5548789,5548789,21045742,21045742
212054,00325600,Drexel University,3141 Chestnut St,,Philadelphia,PA,19104,3,NCAA Division I without football,,6848,6276,13124,2,"Private nonprofit, 4-year or above",5225860,5680770,,10906630,48,52,0,145833,68567,,214400,122870,98038,,9,9,,157976,117646,,7,7.5,,60403,54753,,15,16,,78787,66117,,11.5,13.25,,262,227,,,262,227,74131,1520587,53672,1249437,2770024,,,,,,74131,1520587,53672,1249437,2770024,5,4,8,1,0,0,0,0,9,1,3,4,0,5,0,5,0,9,,,,,,,,,,6,7,12,1,5,0,5,0,18,9,5,11,3,0,1,1,0,15,1,2,2,1,10,3,11,2,16,,,,,,,,,,10,7,13,4,10,4,12,2,31,7206330,7374336,14580666,,,,7206330,7374336,14580666,7206330,7374336,14580666,,,,7206330,7374336,14580666,260,226,5464787,5464787,25699496,25699496
213367,00328700,La Salle University,1900 W Olney Ave,,Philadelphia,PA,191411199,3,NCAA Division I without football,,862,1436,2298,2,"Private nonprofit, 4-year or above",1825832,3015020,,4840852,38,62,0,89227,82655,,171882,121099,64221,,6,9,,181648,82570,,4,7,,38419,31473,,15,21,,54884,48958,,10.5,13.5,,162,264,,,162,264,56330,1063679,49255,1024766,2088445,,,,,,56330,1063679,49255,1024766,2088445,2,3,5,0,0,1,1,0,6,1,2,3,0,4,2,6,0,9,,,,,,,,,,3,5,8,0,4,3,7,0,15,4,7,8,3,0,5,1,4,16,2,7,5,4,5,8,6,7,22,,,,,,,,,,6,14,13,7,5,13,7,11,38,2119228,3953457,6072685,,,,2119228,3953457,6072685,2119228,3953457,6072685,,,,2119228,3953457,6072685,125,220,3908616,3908616,15010308,15010308
215770,00336700,Saint Joseph's University,5600 City Avenue,,Philadelphia,PA,191311395,3,NCAA Division I without football,,1844,2015,3859,2,"Private nonprofit, 4-year or above",3809274,4675084,,8484358,45,55,0,137032,79315,,216347,165554,95622,,8,8,,174958,95622,,7.57,8,,61706,44784,,14,16,,74666,51811,,11.57,13.83,,501,417,,,501,417,76729,1635400,54337,1118418,2753818,,,,,,76729,1635400,54337,1118418,2753818,7,1,7,1,0,0,0,0,8,2,0,2,0,6,0,6,0,8,,,,,,,,,,9,1,9,1,6,0,6,0,16,10,6,11,5,0,1,0,1,17,2,3,3,2,10,3,10,3,18,,,,,,,,,,12,9,14,7,10,4,10,4,35,4998735,5856963,10855698,,,,4998735,5856963,10855698,4998735,5856963,10855698,,,,4998735,5856963,10855698,343,289,4027052,4027052,22989452,22989452
217402,00340600,Providence College,1 Cunningham Square,,Providence,RI,029180001,3,NCAA Division I without football,,1802,2192,3994,2,"Private nonprofit, 4-year or above",4651647,6480164,,11131811,42,58,0,209276,303264,,512540,804288,118236,,7,10,,1023639,139101,,5.5,8.5,,110291,53327,,14,16,,158367,69652,,9.75,12.25,,224,243,,,224,243,229868,4313555,114629,2035911,6349466,,,,,,229868,4313555,114629,2035911,6349466,4,3,7,0,0,0,0,0,7,3,2,5,0,4,1,5,0,10,,,,,,,,,,7,5,12,0,4,1,5,0,17,8,7,9,6,0,2,2,0,17,2,5,3,4,9,3,11,1,19,,,,,,,,,,10,12,12,10,9,5,13,1,36,8693066,9049028,17742094,,,,8693066,9049028,17742094,8693066,9049028,17742094,,,,8693066,9049028,17742094,184,200,14634415,14634415,49430230,49430230
217819,00342800,College of Charleston,66 George St,,Charleston,SC,294240001,3,NCAA Division I without football,,3014,6170,9184,1,"Public, 4-year or above",1978349,3178301,0,5156650,38,62,0,190356,123279,2014,315649,204467,95777,37900,6,10,1,240079,131381,90238,5.11,7.29,0.42,78628,46265,8406,9,17,3,78803,61446,56040,8.98,12.8,0.45,141,299,29,29,170,328,68270,1484803,60198,1241231,2726034,1417,41086,1417,41086,82172,69687,1525889,61615,1282317,2808206,5,0,5,0,0,1,1,0,6,3,3,6,0,3,1,4,0,10,0,1,1,0,0,0,0,0,1,8,4,12,0,3,2,5,0,17,5,8,7,6,0,0,0,0,13,5,8,7,6,2,5,2,5,20,0,2,2,0,0,1,0,1,3,10,18,16,12,2,6,2,6,36,3656573,5392972,9049545,117230,117230,234460,3773803,5510202,9284005,3656573,5392972,9049545,117230,117230,234460,3773803,5510202,9284005,170,226,5415154,5415154,20378476,20378476
218742,00695100,University of South Carolina-Upstate,800 University Way,,Spartanburg,SC,293034999,3,NCAA Division I without football,,1243,2669,3912,1,"Public, 4-year or above",1696694,1818577,,3515271,48,52,0,49611,33127,,82738,76245,65142,,5,6,,95306,78170,,4,5,,35850,28861,,9,10,,43020,30380,,7.5,9.5,,204,169,,,204,169,17465,431756,14855,314956,746712,,,,,,17465,431756,14855,314956,746712,3,2,5,0,0,0,0,0,5,2,2,4,0,2,0,2,0,6,,,,,,,,,,5,4,9,0,2,0,2,0,11,6,5,8,3,0,1,0,1,12,3,3,5,1,4,1,4,1,11,,,,,,,,,,9,8,13,4,4,2,4,2,23,2133537,2393717,4527254,,,,2133537,2393717,4527254,2133537,2393717,4527254,,,,2133537,2393717,4527254,144,130,2478140,2478140,8946029,8946029
218964,00345600,Winthrop University,701 Oakland Ave,,Rock Hill,SC,29733,3,NCAA Division I without football,,1141,2396,3537,1,"Public, 4-year or above",1273788,1672864,,2946652,43,57,0,74066,60593,,134659,100590,69192,,5,7,,111767,74514,,4.5,6.5,,33450,25956,,10,11,,44482,27322,,7.52,10.45,,125,146,,,125,146,32042,586386,29976,553853,1140239,,,,,,32042,586386,29976,553853,1140239,4,1,5,0,0,0,0,0,5,2,1,3,0,4,0,4,0,7,,,,,,,,,,6,2,8,0,4,0,4,0,12,5,6,7,4,0,1,0,1,12,3,1,3,1,5,3,5,3,12,,,,,,,,,,8,7,10,5,5,4,5,4,24,2010070,2701639,4711709,,,,2010070,2701639,4711709,2010070,2701639,4711709,,,,2010070,2701639,4711709,124,145,3684940,3684940,11582972,11582972
219709,00347900,Belmont University,1900 Belmont Blvd,,Nashville,TN,372123757,3,NCAA Division I without football,,2347,4437,6784,2,"Private nonprofit, 4-year or above",2842270,3848579,,6690849,42,58,0,67255,83734,,150989,253593,163031,,6,7,,304312,190203,,5,6,,62740,53873,,12,13,,83653,73721,,9,9.5,,168,182,,,168,182,59171,1057919,64161,981295,2039214,,,,,,59171,1057919,64161,981295,2039214,4,2,6,0,0,0,0,0,6,1,2,3,0,4,0,4,0,7,,,,,,,,,,5,4,9,0,4,0,4,0,13,6,5,9,2,0,1,1,0,12,2,4,4,2,4,3,5,2,13,,,,,,,,,,8,9,13,4,4,4,6,2,25,3859601,4820275,8679876,,,,3859601,4820275,8679876,3859601,4820275,8679876,,,,3859601,4820275,8679876,128,134,3632267,3632267,18195424,18195424
219976,00348600,Lipscomb University,One University Park Drive,,Nashville,TN,372043951,3,NCAA Division I without football,,1076,1684,2760,2,"Private nonprofit, 4-year or above",2889093,3791041,,6680134,43,57,0,116140,113814,,229954,140112,94116,,6,7,,153969,101356,,5.46,6.5,,49924,37149,,12,15,,60945,47586,,9.83,11.71,,194,182,,,194,182,67441,1467944,84341,1543988,3011932,,,,,,67441,1467944,84341,1543988,3011932,5,1,6,0,0,0,0,0,6,2,1,3,0,4,0,4,0,7,,,,,,,,,,7,2,9,0,4,0,4,0,13,8,3,11,0,0,1,1,0,12,3,4,7,0,6,2,8,0,15,,,,,,,,,,11,7,18,0,6,3,9,0,27,5117164,6192536,11309700,,,,5117164,6192536,11309700,5117164,6192536,11309700,,,,5117164,6192536,11309700,139,136,6894707,6894707,21741402,21741402
224147,01116100,Texas A & M University-Corpus Christi,6300 Ocean Dr.,Unit 5719,Corpus Christi,TX,784125719,3,NCAA Division I without football,,2267,3684,5951,1,"Public, 4-year or above",1008518,2039416,,3047934,33,67,0,105933,139536,,245469,114320,73402,,4,8,,152426,83888,,3,7,,46968,36711,,9,15,,60387,44053,,7,12.5,,135,181,,,135,181,44649,920521,59473,1057863,1978384,,,,,,44649,920521,59473,1057863,1978384,2,2,4,0,0,0,0,0,4,4,2,6,0,2,0,2,0,8,,,,,,,,,,6,4,10,0,2,0,2,0,12,5,4,8,1,0,2,1,1,11,4,6,7,3,5,3,6,2,18,,,,,,,,,,9,10,15,4,5,5,7,3,29,2136223,4196820,6333043,,,,2136223,4196820,6333043,2136223,4196820,6333043,,,,2136223,4196820,6333043,93,146,3851839,3851839,13514489,13514489
227368,00359900,The University of Texas Rio Grande Valley,1201 W University Dr,,Edinburg,TX,785392999,3,NCAA Division I without football,,7723,11907,19630,1,"Public, 4-year or above",1173217,1551133,,2724350,43,57,0,146349,63535,,209884,131754,90396,,6,6,,143732,98614,,5.5,5.5,,38775,33669,,14,13,,43428,35016,,12.5,12.5,,182,150,,,182,150,68744,1537500,63864,1157170,2694670,,,,,,68744,1537500,63864,1157170,2694670,5,0,5,0,0,1,1,0,6,5,0,5,0,0,1,1,0,6,,,,,,,,,,10,0,10,0,0,2,2,0,12,8,3,10,1,0,3,3,0,14,3,3,6,0,5,2,7,0,13,,,,,,,,,,11,6,16,1,5,5,10,0,27,2894658,2687043,5581701,,,,2894658,2687043,5581701,2894658,2687043,5581701,,,,2894658,2687043,5581701,156,119,5344024,5344024,14186649,14186649
228769,00365600,The University of Texas at Arlington,701 S. Nedderman Dr.,,Arlington,TX,76013,3,NCAA Division I without football,,8283,10706,18989,1,"Public, 4-year or above",1411114,2299136,,3710250,38,62,0,85232,87945,,173177,113202,111103,,5,6,,141502,133324,,4,5,,57370,50554,,11,13,,63107,54767,,10,12,,167,162,,,167,162,57206,1155091,69696,1502662,2657753,,,,,,57206,1155091,69696,1502662,2657753,3,2,5,0,0,0,0,0,5,1,2,3,0,3,0,3,0,6,,,,,,,,,,4,4,8,0,3,0,3,0,11,5,5,9,1,0,1,1,0,11,4,5,8,1,3,1,4,0,13,,,,,,,,,,9,10,17,2,3,2,5,0,24,2449500,3648777,6098277,,,,2449500,3648777,6098277,2449500,3648777,6098277,,,,2449500,3648777,6098277,115,121,6908720,6908720,16960989,16960989
230737,00402700,Utah Valley University,800 W University Parkway,,Orem,UT,840585999,3,NCAA Division I without football,,9009,8304,17313,1,"Public, 4-year or above",1583528,1720772,,3304300,48,52,0,181043,134722,,315765,129783,89104,,6,6,,141581,97204,,5.5,5.5,,54371,45363,,15,15,,70919,61858,,11.5,11,,265,228,,,265,228,67066,1693931,55092,1174413,2868344,,,,,,67066,1693931,55092,1174413,2868344,5,1,6,0,0,0,0,0,6,4,1,5,0,1,0,1,0,6,,,,,,,,,,9,2,11,0,1,0,1,0,12,9,6,11,4,0,1,1,0,16,2,6,4,4,6,1,7,0,15,,,,,,,,,,11,12,15,8,6,2,8,0,31,3743612,3569168,7312780,,,,3743612,3569168,7312780,3811070,3654081,7465151,,,,3811070,3654081,7465151,188,155,6804014,6841685,16916297,16916297
231174,00369600,University of Vermont,85 S Prospect St,,Burlington,VT,054050160,3,NCAA Division I without football,,4033,6746,10779,1,"Public, 4-year or above",3594346,4390842,,7985188,45,55,0,143750,116506,,260256,193286,98672,,6,8,,233343,112287,,4.97,7.03,,59228,45993,,13,16,,73751,57268,,10.44,12.85,,261,353,,,261,353,63735,1699452,51966,1324801,3024253,,,,,,63735,1699452,51966,1324801,3024253,4,2,6,0,0,0,0,0,6,2,2,4,0,4,0,4,0,8,,,,,,,,,,6,4,10,0,4,0,4,0,14,8,11,12,7,0,1,1,0,20,4,9,8,5,6,3,7,2,22,,,,,,,,,,12,20,20,12,6,4,8,2,42,5520486,6257315,11777801,,,,5520486,6257315,11777801,5773029,6181588,11954617,,,,5773029,6181588,11954617,202,250,5875603,5911496,21185599,21185599
232186,00374900,George Mason University,4400 University Dr,,Fairfax,VA,220304444,3,NCAA Division I without football,,10451,10565,21016,1,"Public, 4-year or above",3122221,3943637,,7065858,44,56,0,225459,178083,,403542,217466,104787,,9,9,,244650,117885,,8,8,,60666,40867,,18,20,,77999,51084,,14,16,,304,306,,,304,306,119965,2448078,95271,1963774,4411852,,,,,,119965,2448078,95271,1963774,4411852,7,2,9,0,0,0,0,0,9,3,2,5,0,4,0,4,0,9,,,,,,,,,,10,4,14,0,4,0,4,0,18,10,17,15,12,0,2,1,1,29,3,10,8,5,9,4,10,3,26,,,,,,,,,,13,27,23,17,9,6,11,4,55,5283827,5783548,11067375,,,,5283827,5783548,11067375,5283827,5783548,11067375,,,,5283827,5783548,11067375,232,245,9161423,7890076,28196432,26925085
232566,00371900,Longwood University,201 High St,,Farmville,VA,23909,3,NCAA Division I without football,,909,2091,3000,1,"Public, 4-year or above",1422581,2091776,,3514357,40,60,0,47378,48177,,95555,68757,75634,,6,8,,82509,86439,,5,7,,65729,47946,,4,6,,65729,47946,,4,6,,122,143,,,122,143,52188,964749,51689,932068,1896817,,,,,,52188,964749,51689,932068,1896817,4,1,5,0,0,1,1,0,6,2,1,3,0,4,1,5,0,8,,,,,,,,,,6,2,8,0,4,2,6,0,14,4,1,4,1,0,0,0,0,5,1,0,1,0,5,1,5,1,7,,,,,,,,,,5,1,5,1,5,1,5,1,12,1862032,3222759,5084791,,,,1862032,3222759,5084791,1991713,3254975,5246688,,,,1991713,3254975,5246688,122,143,3457099,3163072,12319728,12023798
233277,00373200,Radford University,801 East Main St.,,Radford,VA,24142,3,NCAA Division I without football,,2316,3695,6011,1,"Public, 4-year or above",1210780,1671546,,2882326,42,58,0,91908,59823,,151731,101139,63178,,6,8,,127755,69714,,4.75,7.25,,48898,29610,,8,11,,57953,39054,,6.75,8.34,,131,193,,,131,193,34410,666721,36729,667443,1334164,,,,,,34410,666721,36729,667443,1334164,4,1,5,0,0,1,1,0,6,3,1,4,0,3,1,4,0,8,,,,,,,,,,7,2,9,0,3,2,5,0,14,6,6,8,4,0,0,0,0,12,3,5,5,3,5,1,5,1,14,,,,,,,,,,9,11,13,7,5,1,5,1,26,2558126,2550393,5108519,,,,2558126,2550393,5108519,2558126,2550393,5108519,,,,2558126,2550393,5108519,131,157,7828631,4174205,15848430,12194004
234030,00373500,Virginia Commonwealth University,910 W Franklin St,,Richmond,VA,232842512,3,NCAA Division I without football,,6673,11798,18471,1,"Public, 4-year or above",3155153,4642076,,7797229,40,60,0,332224,230330,,562554,391046,150906,,6,7,,426596,162514,,5.5,6.5,,91770,53863,,12,15,,104880,59848,,10.5,13.5,,193,240,,,193,240,140512,2532874,96728,2233018,4765892,,,,,,140512,2532874,96728,2233018,4765892,5,1,6,0,0,0,0,0,6,0,1,1,0,6,0,6,0,7,,,,,,,,,,5,2,7,0,6,0,6,0,13,9,8,12,5,0,1,0,1,18,5,7,8,4,7,2,7,2,21,,,,,,,,,,14,15,20,9,7,3,7,3,39,5404405,6926203,12330608,,,,5404405,6926203,12330608,5404405,6926202,12330607,,,,5404405,6926202,12330607,147,188,12438361,13434949,37305038,36824686
235316,00377800,Gonzaga University,E 502 Boone Ave,,Spokane,WA,992580102,3,NCAA Division I without football,,2246,2653,4899,2,"Private nonprofit, 4-year or above",2996758,3898503,,6895261,43,57,0,444053,358420,,802473,461779,178050,,7,7,,461779,178050,,7,7,,167944,69848,,11,13,,175941,72642,,10.5,12.5,,228,257,,,228,257,138598,2706021,112300,2110291,4816312,,,,,,138598,2706021,112300,2110291,4816312,7,0,7,0,0,0,0,0,7,4,0,4,0,3,0,3,0,7,,,,,,,,,,11,0,11,0,3,0,3,0,14,10,8,10,8,0,0,0,0,18,4,2,4,2,8,2,8,2,16,,,,,,,,,,14,10,14,10,8,2,8,2,34,6561793,7011620,13573413,,,,6561793,7011620,13573413,6758270,7288778,14047048,,,,6758270,7288778,14047048,167,187,8558007,2880831,43350174,33631607
236595,00379000,Seattle University,901 12th Ave,,Seattle,WA,981224340,3,NCAA Division I without football,,1576,2522,4098,2,"Private nonprofit, 4-year or above",3020001,4500238,,7520239,40,60,0,125280,125291,,250571,128963,104962,,7,9,,180548,134952,,5,7,,78399,56511,,8,10,,83626,59485,,7.5,9.5,,198,253,,,198,253,130989,2622938,90942,1760583,4383521,,,,,,130989,2622938,90942,1760583,4383521,3,3,6,0,0,1,1,0,7,1,3,4,0,4,1,5,0,9,,,,,,,,,,4,6,10,0,4,2,6,0,16,6,6,7,5,0,1,0,1,13,3,7,4,6,5,3,5,3,18,,,,,,,,,,9,13,11,11,5,4,5,4,31,4641579,6261502,10903081,,,,4641579,6261502,10903081,4650098,6248984,10899082,,,,4650098,6248984,10899082,155,201,4449984,4465365,21349552,21349552
239105,00386300,Marquette University,1250 W Wisconsin Avenue,,Milwaukee,WI,53233,3,NCAA Division I without football,,3198,4162,7360,2,"Private nonprofit, 4-year or above",3101353,4333497,,7434850,42,58,0,1253523,183470,,1436993,512296,148141,,7,7,,652013,188543,,5.5,5.5,,139620,74345,,11,12,,153582,81104,,10,11,,232,252,,,232,252,281443,5875000,94483,2692639,8567639,,,,,,281443,5875000,94483,2692639,8567639,4,3,7,0,0,0,0,0,7,2,3,5,0,2,0,2,0,7,,,,,,,,,,6,6,12,0,2,0,2,0,14,9,5,11,3,0,2,0,2,16,3,4,5,2,7,3,7,3,17,,,,,,,,,,12,9,16,5,7,5,7,5,33,5481775,6125097,11606872,,,,5481775,6125097,11606872,5481775,6125097,11606872,,,,5481775,6125097,11606872,176,186,3461,7637702,39362305,39362305
240277,00389900,University of Wisconsin-Green Bay,2420 Nicolet Dr,,Green Bay,WI,543117001,3,NCAA Division I without football,,1832,3022,4854,1,"Public, 4-year or above",772788,1294209,,2066997,37,63,0,93894,81636,,175530,48554,49044,,7,8,,88973,76631,,3.82,5.12,,46366,31099,,6,9,,67035,45217,,4.15,6.19,,87,128,,,87,128,52757,654465,55767,885501,1539966,,,,,,52757,654465,55767,885501,1539966,2,5,4,3,0,0,0,0,7,1,4,3,2,3,0,3,0,8,,,,,,,,,,3,9,7,5,3,0,3,0,15,4,5,4,5,0,1,0,1,10,1,5,1,5,4,3,5,2,13,,,,,,,,,,5,10,5,10,4,4,5,3,23,1020185,2173881,3194066,,,,1020185,2173881,3194066,1020185,2173881,3194066,,,,1020185,2173881,3194066,87,128,2719667,2189491,9065852,8535676
240453,00389600,University of Wisconsin-Milwaukee,2200 E Kenwood Blvd,,Milwaukee,WI,53211,3,NCAA Division I without football,,7125,8544,15669,1,"Public, 4-year or above",2037037,2543081,,4580118,44,56,0,102398,61033,,163431,118047,72597,,5,6,,147559,87116,,4,5,,34355,28598,,12,12,,49971,41597,,8.25,8.25,,252,237,,,252,237,46480,1154313,33442,720473,1874786,,,,,,46480,1154313,33442,720473,1874786,3,2,5,0,0,0,0,0,5,2,2,4,0,2,0,2,0,6,,,,,,,,,,5,4,9,0,2,0,2,0,11,6,8,8,6,0,2,0,2,16,2,7,4,5,4,4,4,4,17,,,,,,,,,,8,15,12,11,4,6,4,6,33,2895032,3227935,6122967,,,,2895032,3227935,6122967,2895032,3227935,6122967,,,,2895032,3227935,6122967,178,169,3302121,3302121,19531917,19531917
433660,03255300,Florida Gulf Coast University,10501 Fgcu Blvd S,,Fort Myers,FL,339656565,3,NCAA Division I without football,,4696,6413,11109,1,"Public, 4-year or above",1385053,2958606,,4343659,32,68,0,119041,123312,,242353,134304,106611,,6,9,,146513,119937,,5.5,8,,62594,43975,,9,13,,70418,48653,,8,11.75,,127,166,,,127,166,48761,921759,58802,1000981,1922740,,,,,,48761,921759,58802,1000981,1922740,5,0,5,0,0,1,1,0,6,5,1,5,1,2,1,3,0,9,,,,,,,,,,10,1,10,1,2,2,4,0,15,7,3,8,2,0,0,0,0,10,3,1,4,0,8,2,8,2,14,,,,,,,,,,10,4,12,2,8,2,8,2,24,2559654,4538882,7098536,,,,2559654,4538882,7098536,2559654,4538882,7098536,,,,2559654,4538882,7098536,127,163,5189298,5189298,16309477,16309477